{"type":"FeatureCollection", "features": [
{"type":"Feature","geometry":{"type":"Polygon","coordinates":[[[126.8610656,36.3427255],[126.8610638,36.3427623],[126.8610607,36.3428052],[126.8610554,36.342896],[126.861048,36.3430186],[126.861048,36.3430346],[126.8610343,36.3433236],[126.8610261,36.3434982],[126.8609434,36.3436985],[126.8608933,36.3438211],[126.8608063,36.3440392],[126.8607613,36.3441524],[126.8607286,36.344334],[126.8606992,36.3445013],[126.8606875,36.3445705],[126.8606682,36.3446951],[126.8606335,36.34491],[126.8606027,36.3450265],[126.8605673,36.345162],[126.8605693,36.3452584],[126.8605733,36.3454634],[126.8605756,36.3455504],[126.8605786,36.3456437],[126.8605742,36.34571],[126.8604441,36.3459189],[126.8604054,36.3459804],[126.8603117,36.3461377],[126.8602059,36.3463163],[126.8599248,36.3464519],[126.8595953,36.346603],[126.8594459,36.3466727],[126.8587969,36.3468696],[126.8584892,36.3469651],[126.8584659,36.3469675],[126.8584135,36.3469735],[126.8584015,36.3469778],[126.8581874,36.3470034],[126.8576407,36.3470647],[126.8575531,36.3470867],[126.8574378,36.3471152],[126.8573034,36.3471485],[126.8571758,36.3471827],[126.8570213,36.3472231],[126.856798,36.3472681],[126.8567495,36.3473224],[126.8566942,36.3473757],[126.8566084,36.3474737],[126.8565443,36.3475664],[126.85651,36.3476112],[126.8564531,36.3476744],[126.8562695,36.3478397],[126.856143,36.3479496],[126.8560302,36.3480407],[126.8559536,36.348106],[126.8558266,36.3480059],[126.8554367,36.3482287],[126.8550633,36.3484469],[126.8546529,36.348686],[126.854568,36.348737],[126.8544656,36.3488155],[126.8543223,36.3489591],[126.854149,36.3492128],[126.8540958,36.3493592],[126.854055,36.3495797],[126.8539968,36.3499641],[126.8538818,36.3503952],[126.8538129,36.350698],[126.8536448,36.3510661],[126.853543,36.3512787],[126.8534633,36.3514222],[126.8534186,36.3514872],[126.8533437,36.3515789],[126.8530746,36.3518864],[126.8526744,36.3523282],[126.8525604,36.3524916],[126.8524276,36.352708],[126.8522862,36.3529641],[126.8521745,36.3532117],[126.8521048,36.3533541],[126.852045,36.3534526],[126.8520196,36.3534928],[126.8519642,36.3535648],[126.8518136,36.3537127],[126.8514695,36.3540618],[126.8512151,36.3542993],[126.851139,36.3544277],[126.8510834,36.3545338],[126.8509591,36.3547688],[126.8509247,36.3549487],[126.8509195,36.3549995],[126.8508951,36.3551514],[126.8508607,36.3553717],[126.8508163,36.3556208],[126.850798,36.355705],[126.8507647,36.3557737],[126.8503901,36.3562622],[126.8500539,36.356692],[126.8499984,36.3567753],[126.8494679,36.3564225],[126.849386,36.3566024],[126.8492351,36.356812],[126.8489104,36.3572279],[126.8486435,36.3575663],[126.8484599,36.357621],[126.8482233,36.3576451],[126.8478796,36.3576612],[126.8475745,36.3576473],[126.8471249,36.3575763],[126.846771,36.3575],[126.8465544,36.357434],[126.846311,36.3573492],[126.8460467,36.3572377],[126.8459777,36.3572086],[126.8458331,36.3571706],[126.8445504,36.3568857],[126.8433407,36.3565856],[126.8431764,36.3565634],[126.8430918,36.3564089],[126.8429997,36.3565019],[126.8428873,36.3566406],[126.8424757,36.3571151],[126.8422993,36.3572797],[126.8421375,36.3574413],[126.842026,36.3575365],[126.8419068,36.3576217],[126.8418065,36.3577165],[126.8417184,36.3578166],[126.8416193,36.3579065],[126.8417321,36.3581061],[126.841914,36.3582162],[126.8416863,36.3584312],[126.8416166,36.3585021],[126.8413984,36.3587285],[126.8413148,36.358874],[126.841276,36.3589381],[126.8412697,36.3589547],[126.8413081,36.3592628],[126.8413347,36.3595018],[126.841485,36.359853],[126.8416376,36.3601523],[126.8417722,36.3604032],[126.8419511,36.3606121],[126.8420883,36.3607776],[126.8421481,36.3608427],[126.8423765,36.361043],[126.8425079,36.3611626],[126.8425664,36.3612102],[126.8428549,36.3614046],[126.8429863,36.3614968],[126.8432642,36.3616187],[126.843486,36.3617396],[126.8436424,36.3618503],[126.8438165,36.3620132],[126.8440077,36.3622062],[126.8442263,36.3624344],[126.8444721,36.3626972],[126.8445681,36.3627979],[126.8446535,36.3629114],[126.8447937,36.3630933],[126.845021,36.3634213],[126.8451502,36.3636002],[126.8452024,36.3636886],[126.8453295,36.3638983],[126.8454728,36.3641305],[126.845574,36.3643421],[126.8456249,36.3644459],[126.8456236,36.3651045],[126.8456214,36.3661997],[126.8453966,36.3664822],[126.8452054,36.3667189],[126.8451151,36.3668031],[126.8449119,36.3669862],[126.8446395,36.3672236],[126.8444808,36.3672324],[126.8441222,36.3673062],[126.8439022,36.3673012],[126.8436299,36.367293],[126.8432697,36.3672168],[126.8425823,36.3670645],[126.8420179,36.3669627],[126.8414908,36.366869],[126.8409883,36.3667709],[126.8405695,36.3667093],[126.839727,36.3665074],[126.8396075,36.366469],[126.8394783,36.3664268],[126.8394112,36.366411],[126.839286,36.3663828],[126.8392366,36.3663671],[126.8391203,36.36633],[126.8390027,36.366295],[126.8388884,36.3662604],[126.8387868,36.3662293],[126.8386615,36.3661915],[126.8385195,36.366146],[126.8383722,36.3660995],[126.838239,36.3660581],[126.8381495,36.3660319],[126.8380345,36.3659997],[126.8379143,36.3659645],[126.8377869,36.3659374],[126.8376089,36.3659033],[126.837499,36.3658835],[126.8374022,36.365865],[126.8373505,36.3658613],[126.8372951,36.3658595],[126.8372591,36.365862],[126.8371254,36.3658706],[126.8369943,36.36588],[126.836966,36.365881],[126.836858,36.3658825],[126.836692,36.3658853],[126.8365637,36.3658874],[126.8363876,36.365906],[126.8362368,36.3659228],[126.836077,36.3659457],[126.8359882,36.3659642],[126.835846,36.3659948],[126.8357061,36.3660224],[126.8356109,36.366058],[126.8355176,36.3661265],[126.8354141,36.3662037],[126.8353072,36.3662831],[126.8352248,36.3664152],[126.8351802,36.3665757],[126.8351204,36.3667764],[126.8350791,36.3669074],[126.8350936,36.3670821],[126.8350839,36.36721],[126.8350619,36.3674334],[126.8350434,36.3675923],[126.8350403,36.3677071],[126.8350355,36.3678863],[126.835032,36.3679954],[126.8350421,36.368089],[126.8350597,36.368185],[126.8351049,36.3683169],[126.8351475,36.3686945],[126.8351129,36.369161],[126.8350925,36.3693517],[126.8351155,36.3696214],[126.8351203,36.3697032],[126.8351592,36.369858],[126.8352029,36.3700492],[126.8352452,36.3702469],[126.8352708,36.3704955],[126.8353009,36.3708096],[126.8353229,36.3710179],[126.8353528,36.3713184],[126.8353753,36.3715288],[126.8353846,36.3716265],[126.8353842,36.3718147],[126.8353883,36.3721344],[126.8353872,36.3722991],[126.8353658,36.3725433],[126.8353358,36.3727846],[126.8353084,36.3730974],[126.835289,36.3733416],[126.835267,36.3735731],[126.8351811,36.3738047],[126.8351363,36.3739633],[126.8350681,36.374194],[126.8350437,36.3742456],[126.8349239,36.3744636],[126.8347824,36.3747137],[126.8346015,36.3750209],[126.8344606,36.3752454],[126.8343204,36.3753933],[126.8342205,36.3755006],[126.8340663,36.3756644],[126.833937,36.3758024],[126.8338438,36.3759012],[126.8337454,36.3760271],[126.8336884,36.3761238],[126.8336052,36.3762644],[126.833502,36.3764406],[126.8334203,36.3765783],[126.8332946,36.376769],[126.8332087,36.37691],[126.8331316,36.3770374],[126.8330794,36.3771457],[126.8330433,36.3772259],[126.8330134,36.3773111],[126.8329689,36.3774376],[126.832924,36.3775684],[126.8328681,36.3777205],[126.8328164,36.3778487],[126.8328066,36.3779224],[126.8327821,36.3781174],[126.8327866,36.378293],[126.83281,36.3784439],[126.8328416,36.3786359],[126.8328033,36.3787139],[126.8327286,36.3788695],[126.8326584,36.3790204],[126.8329019,36.3792289],[126.8329656,36.3793875],[126.8331808,36.3796686],[126.833372,36.3798064],[126.8336448,36.3799633],[126.8342323,36.3803013],[126.8345606,36.3804122],[126.8347942,36.3804846],[126.8351465,36.380565],[126.8356426,36.3804127],[126.8357705,36.3803557],[126.8358898,36.3802762],[126.8360514,36.3802168],[126.8359659,36.3799044],[126.836244,36.3798916],[126.836739,36.3798636],[126.8376763,36.3797106],[126.8379544,36.3796651],[126.8382624,36.3795647],[126.8384263,36.3795118],[126.8385517,36.3793738],[126.8388295,36.3790847],[126.8391218,36.3787816],[126.8393731,36.3785209],[126.8394531,36.3784491],[126.8399642,36.378011],[126.8400262,36.377958],[126.8403666,36.3775572],[126.8406212,36.3773415],[126.8410072,36.3770147],[126.8413646,36.3767135],[126.841634,36.3764819],[126.8419899,36.3763424],[126.842236,36.3762446],[126.8425972,36.3761805],[126.8428763,36.3761312],[126.8430494,36.3761457],[126.8433183,36.376167],[126.8434843,36.376205],[126.8437501,36.3762658],[126.8440684,36.3763838],[126.8442365,36.3765074],[126.8445611,36.3767467],[126.8448208,36.3769391],[126.8449871,36.377062],[126.8450126,36.3770896],[126.8451981,36.3772949],[126.8453249,36.3774358],[126.8454582,36.377579],[126.8455402,36.3776696],[126.8455723,36.377718],[126.8461885,36.378588],[126.8467026,36.3795229],[126.8467544,36.3796452],[126.8470031,36.3802445],[126.8471766,36.3806621],[126.847349,36.3810701],[126.8474429,36.3813953],[126.8476306,36.382029],[126.8476928,36.3821873],[126.8479014,36.3827068],[126.8480709,36.3831289],[126.8481587,36.3832722],[126.8483388,36.3835527],[126.8485396,36.3838708],[126.8486498,36.3839953],[126.8489107,36.3842908],[126.8492389,36.3846616],[126.8494688,36.3849234],[126.8497568,36.3852826],[126.850108,36.3857249],[126.8504756,36.3862354],[126.8508403,36.3867367],[126.8508986,36.3868476],[126.8509674,36.3869368],[126.8511236,36.3871353],[126.8511372,36.3872742],[126.8511183,36.3873856],[126.8511058,36.3874683],[126.8510593,36.3875297],[126.8509149,36.3877251],[126.850682,36.3880315],[126.8506121,36.3880995],[126.8502304,36.3884757],[126.8499455,36.3887489],[126.8497018,36.388986],[126.8496134,36.3890845],[126.8493224,36.3894074],[126.8491733,36.3895753],[126.8491185,36.3894274],[126.8490657,36.3892964],[126.8489619,36.3890276],[126.8489432,36.3889894],[126.8488809,36.3889005],[126.8488305,36.3888647],[126.8487202,36.3888258],[126.8486211,36.3887571],[126.8484118,36.3886749],[126.8482347,36.3886001],[126.8481727,36.3886272],[126.8481415,36.3886121],[126.8479036,36.3884918],[126.8477501,36.3884843],[126.8472458,36.3882594],[126.8470326,36.3882211],[126.8460625,36.3878096],[126.8455305,36.3880161],[126.8453873,36.387972],[126.8449507,36.3878972],[126.8442038,36.3880776],[126.8431955,36.3881181],[126.8428749,36.3881259],[126.842481,36.3878104],[126.8421891,36.3875765],[126.8414822,36.3875696],[126.8411505,36.3873726],[126.8405638,36.3871616],[126.8390851,36.386612],[126.8381947,36.3867994],[126.8379412,36.3866488],[126.8373786,36.3864971],[126.8364803,36.3862497],[126.8361162,36.3863649],[126.8356753,36.3864853],[126.8345266,36.3868122],[126.8341482,36.386922],[126.8333468,36.3871544],[126.8329817,36.3872665],[126.8326724,36.3873391],[126.8319387,36.3873636],[126.8312687,36.3873711],[126.8308063,36.3872244],[126.8304333,36.3870629],[126.8295199,36.386669],[126.8282214,36.3857777],[126.8271306,36.3852837],[126.8267048,36.3853671],[126.8259256,36.3852778],[126.8255104,36.3849936],[126.8250756,36.3845888],[126.8248837,36.3842344],[126.8243941,36.3840289],[126.8239883,36.3839736],[126.8235475,36.3837535],[126.8231833,36.3830914],[126.8226136,36.3822812],[126.8219343,36.3822534],[126.821905,36.3818288],[126.821501,36.3811437],[126.8224672,36.3803129],[126.8224643,36.3802456],[126.8214781,36.3811036],[126.8211191,36.3803338],[126.8209316,36.3801136],[126.8210098,36.3798097],[126.8200796,36.3791847],[126.8189565,36.3790545],[126.8184487,36.3792126],[126.8161034,36.3792164],[126.8140914,36.3793848],[126.8123967,36.3789489],[126.8099369,36.3785932],[126.8094271,36.3779598],[126.8087582,36.3771201],[126.8080689,36.3762801],[126.8077662,36.3759115],[126.8078701,36.3742418],[126.8074526,36.3723559],[126.8062002,36.3716092],[126.8054125,36.3704488],[126.8056086,36.3693826],[126.8054812,36.3689884],[126.8055695,36.368564],[126.8050848,36.3679308],[126.8046417,36.3671385],[126.8043778,36.3666672],[126.8044234,36.366184],[126.8042365,36.3658778],[126.8037037,36.3653114],[126.8025035,36.3647926],[126.8023417,36.364767],[126.8017255,36.3646691],[126.80074,36.3642472],[126.8005066,36.3638439],[126.8004024,36.3637024],[126.8002785,36.363534],[126.800001,36.3631572],[126.7997696,36.3627927],[126.7995437,36.3623304],[126.7993267,36.3619879],[126.798983,36.3618556],[126.7982603,36.3612563],[126.798132,36.3611689],[126.7984458,36.3608366],[126.7985857,36.3601935],[126.7983419,36.3597415],[126.7982827,36.3594027],[126.7982604,36.3588547],[126.7984837,36.3584314],[126.798355,36.3580792],[126.7980593,36.3572698],[126.7967554,36.3565172],[126.7954269,36.3559022],[126.7947164,36.3548285],[126.7917448,36.3539861],[126.791325,36.3548697],[126.7911355,36.3553078],[126.7912142,36.3563798],[126.7908763,36.356503],[126.7897585,36.3569191],[126.7889827,36.357063],[126.7886209,36.3571315],[126.7885618,36.3571515],[126.7885199,36.3571911],[126.7884664,36.3572665],[126.7884463,36.3572855],[126.7880228,36.3576856],[126.7872087,36.358461],[126.7862423,36.3590295],[126.7858239,36.3592349],[126.7852983,36.3592007],[126.7850379,36.3591557],[126.7824013,36.3588098],[126.7808924,36.357995],[126.7796825,36.3580381],[126.7792278,36.358054],[126.7791789,36.3580588],[126.778773,36.3575415],[126.7774593,36.356937],[126.7768901,36.3566679],[126.7763282,36.3565796],[126.7755107,36.3564455],[126.7747384,36.3560516],[126.7743791,36.3558655],[126.7736409,36.3557911],[126.7727658,36.3562765],[126.7723008,36.3561104],[126.7719268,36.3559759],[126.7701142,36.355874],[126.7684396,36.355821],[126.7675245,36.3549985],[126.7672702,36.3549667],[126.7665954,36.3552032],[126.7659398,36.3554386],[126.7657237,36.3555147],[126.765234,36.3556268],[126.7644714,36.3559957],[126.7635155,36.3570025],[126.7633277,36.357087],[126.7625405,36.357441],[126.7621433,36.3576214],[126.7609714,36.3577088],[126.7602809,36.3578945],[126.7591208,36.3577212],[126.7588746,36.3576608],[126.7585067,36.3575715],[126.7577568,36.3575643],[126.7573302,36.3577838],[126.7559713,36.3583362],[126.7555942,36.3582678],[126.7553995,36.3582125],[126.7547382,36.3580176],[126.7543488,36.358018],[126.7536453,36.3584016],[126.7524267,36.3591153],[126.7521327,36.3594271],[126.7517429,36.3597621],[126.7516816,36.3598859],[126.7516696,36.3601218],[126.7516676,36.3601603],[126.7514725,36.3606273],[126.7513026,36.3607253],[126.7511844,36.3608486],[126.7509581,36.3610847],[126.7507809,36.3613227],[126.7507718,36.3613512],[126.7501698,36.3619477],[126.7501451,36.3619837],[126.7498952,36.3622729],[126.7500525,36.3627377],[126.7500834,36.3628844],[126.7501204,36.3630807],[126.7500785,36.3632946],[126.7501021,36.3634683],[126.7501808,36.3639961],[126.7495246,36.3641734],[126.7491323,36.3645957],[126.7488363,36.3649142],[126.7488053,36.3649354],[126.7490374,36.3653479],[126.7487381,36.3659612],[126.7484727,36.3664292],[126.7483735,36.3666323],[126.7484573,36.3668298],[126.7485075,36.366981],[126.7489051,36.3672385],[126.7491301,36.3674684],[126.7490464,36.3678828],[126.7490487,36.3684662],[126.7487641,36.3684609],[126.7482167,36.3684053],[126.7476744,36.3684599],[126.7472688,36.3685439],[126.7468197,36.3682138],[126.7465222,36.3681315],[126.7463179,36.3678224],[126.7462347,36.3677184],[126.7461997,36.3676844],[126.7460417,36.3675887],[126.7453046,36.3674522],[126.745176,36.3669174],[126.7450825,36.3665592],[126.7450635,36.366528],[126.7448503,36.3661771],[126.7448079,36.3658828],[126.7445827,36.3656403],[126.7445726,36.3656294],[126.744373,36.3656663],[126.7440625,36.3657672],[126.7436236,36.3660037],[126.7434907,36.3661546],[126.7429629,36.3659883],[126.7420902,36.3659265],[126.7416503,36.3666966],[126.7409771,36.3671732],[126.7406153,36.3674218],[126.7402263,36.3677445],[126.740206,36.3677623],[126.7399449,36.3679899],[126.7393364,36.3688804],[126.7394902,36.3693084],[126.7388655,36.369025],[126.7387951,36.3689916],[126.738746,36.3690359],[126.7386695,36.3690648],[126.7385799,36.3691797],[126.7387826,36.3692738],[126.7388955,36.3693404],[126.7390668,36.36942],[126.7394833,36.3696396],[126.7395812,36.3696877],[126.7395919,36.3697965],[126.7400425,36.3702527],[126.740036,36.3709193],[126.7393813,36.3715724],[126.7394708,36.3718036],[126.7397214,36.3724507],[126.7397147,36.3730543],[126.7399648,36.3733858],[126.740313,36.3738474],[126.7403258,36.3738644],[126.7402378,36.3751584],[126.7397093,36.3764311],[126.7393951,36.3774408],[126.738636,36.3782676],[126.7382579,36.3784393],[126.7368771,36.3795228],[126.7360695,36.3809135],[126.7339981,36.3801961],[126.7331356,36.3801776],[126.7325555,36.3803012],[126.731434,36.3799992],[126.7306648,36.3797088],[126.7300419,36.3792809],[126.7298213,36.379277],[126.7275857,36.3788954],[126.7275209,36.3788701],[126.7262237,36.3781281],[126.7259943,36.3781144],[126.7256948,36.3778126],[126.7253744,36.3770212],[126.7255143,36.3768459],[126.7253603,36.3752391],[126.7251354,36.3746597],[126.7251017,36.3736911],[126.722166,36.3735051],[126.7172334,36.3723434],[126.7164195,36.3721911],[126.7155483,36.3718608],[126.7106877,36.3711162],[126.7087894,36.3705139],[126.705447,36.3690005],[126.7045078,36.3672426],[126.7045141,36.3666023],[126.7037975,36.3649598],[126.7032836,36.3639879],[126.7038445,36.3621936],[126.7043942,36.3604991],[126.7046958,36.35803],[126.7051001,36.3567201],[126.7050219,36.3563888],[126.7050232,36.3561672],[126.7050313,36.3560772],[126.7046808,36.355522],[126.7044392,36.3552194],[126.7044108,36.3547328],[126.7049277,36.3529008],[126.7048861,36.3528436],[126.7041558,36.3522161],[126.7034263,36.3518148],[126.7023072,36.3509591],[126.7019275,36.3509087],[126.7016638,36.3509491],[126.7012071,36.3510044],[126.7009051,36.3510654],[126.7006978,36.3509882],[126.7005267,36.350913],[126.7005281,36.3506601],[126.7004515,36.35037],[126.7004147,36.3501638],[126.7003516,36.349949],[126.7003398,36.3497463],[126.7003527,36.3492801],[126.7000874,36.3486514],[126.7005736,36.3478589],[126.7009322,36.3474166],[126.7009281,36.3471345],[126.7005004,36.3464793],[126.7005004,36.3459003],[126.6999513,36.3452616],[126.6983746,36.3437724],[126.6983663,36.3435766],[126.6976677,36.341887],[126.6982124,36.3386451],[126.6962523,36.3365472],[126.6941235,36.3366855],[126.6905983,36.3377989],[126.6895382,36.3362919],[126.6889324,36.3352694],[126.6864671,36.3342956],[126.6847841,36.3336358],[126.6822383,36.3337964],[126.6792099,36.3339968],[126.6792964,36.3323613],[126.6794397,36.330273],[126.6821566,36.3278523],[126.6842495,36.3257495],[126.6848998,36.3246179],[126.6842907,36.323148],[126.683892,36.32234],[126.68359,36.3207856],[126.6823527,36.3195266],[126.6808822,36.3180034],[126.6810791,36.3159919],[126.6831277,36.313023],[126.6833508,36.3107466],[126.6862918,36.308097],[126.6876516,36.3077094],[126.6890243,36.3070706],[126.6897963,36.3067139],[126.6905507,36.3062417],[126.6910787,36.3052099],[126.6914633,36.3048412],[126.6936634,36.3040689],[126.6942451,36.3033784],[126.6946051,36.3026687],[126.6953163,36.3009016],[126.6929295,36.2998623],[126.6896274,36.2963333],[126.6894634,36.2957557],[126.6889208,36.2948085],[126.6886891,36.2944094],[126.6884497,36.2941318],[126.6884011,36.2940332],[126.6883297,36.2937907],[126.6882448,36.2934953],[126.6883661,36.2934217],[126.6905322,36.2921314],[126.6914995,36.2916478],[126.6924503,36.2908179],[126.692819,36.2905069],[126.6933365,36.2898179],[126.6938467,36.2891485],[126.6945895,36.288017],[126.6959131,36.2870365],[126.6975002,36.2858083],[126.696937,36.2854606],[126.6954434,36.2844497],[126.6936951,36.2831663],[126.6933394,36.2829628],[126.6931001,36.2828247],[126.693262,36.2822261],[126.6932821,36.2820188],[126.6933077,36.2818094],[126.6933467,36.2815185],[126.6933585,36.2814113],[126.6943751,36.2808327],[126.6949861,36.2804765],[126.6958774,36.2802518],[126.6966102,36.2790714],[126.6972256,36.2788385],[126.6973858,36.2779469],[126.6967938,36.276898],[126.6964997,36.2758341],[126.6959746,36.2752572],[126.6957359,36.2750046],[126.6954278,36.2734537],[126.6950425,36.2713901],[126.6958872,36.2712434],[126.6968076,36.2710922],[126.6997503,36.2705483],[126.7025353,36.2696769],[126.7025732,36.2696651],[126.702971,36.2693975],[126.7046746,36.2688584],[126.7057273,36.2682787],[126.7081449,36.2669486],[126.7095414,36.2660295],[126.7106112,36.2653121],[126.7118649,36.2648295],[126.7120175,36.2647727],[126.7127046,36.2645166],[126.713156,36.2643619],[126.7141326,36.2639731],[126.7169141,36.2623848],[126.7193309,36.26105],[126.7192877,36.2605714],[126.7194044,36.259981],[126.7192609,36.2592877],[126.7195515,36.2586128],[126.7199951,36.2580027],[126.7209635,36.2576146],[126.7220075,36.2578818],[126.7228515,36.258069],[126.7236423,36.2583486],[126.7248904,36.258423],[126.7255261,36.2586971],[126.726687,36.2591961],[126.7276165,36.2593667],[126.7285082,36.2598347],[126.7293374,36.2597056],[126.7298571,36.2593006],[126.730419,36.2593098],[126.7309069,36.2591532],[126.7315358,36.2591521],[126.7319228,36.2589819],[126.7324699,36.2589832],[126.7327737,36.2592439],[126.7335983,36.2591478],[126.7342497,36.2588859],[126.734407,36.2585532],[126.7355473,36.2582872],[126.736291,36.2580212],[126.7363427,36.2579806],[126.7367853,36.2575148],[126.7379849,36.2570599],[126.7385685,36.2567072],[126.7396113,36.256374],[126.7395572,36.255887],[126.7395336,36.2550067],[126.7393497,36.2541657],[126.7392038,36.2534824],[126.7390656,36.2528543],[126.7389528,36.2524568],[126.7388059,36.2519252],[126.7386144,36.2512655],[126.7383086,36.2505557],[126.7381906,36.2502835],[126.7379564,36.2497292],[126.7371005,36.2487239],[126.7368723,36.2476853],[126.7366736,36.2467304],[126.7364248,36.2454946],[126.7377757,36.2437916],[126.7366776,36.2434254],[126.7360447,36.2431107],[126.7360609,36.2421426],[126.7360628,36.2420262],[126.7359609,36.241907],[126.7358999,36.2418449],[126.7355775,36.2415372],[126.7355653,36.241329],[126.735558,36.2412046],[126.7353561,36.2409081],[126.7352172,36.2407042],[126.7351902,36.2406645],[126.7348497,36.240405],[126.7339036,36.2400071],[126.7331188,36.2395905],[126.732551,36.239449],[126.7323664,36.2393719],[126.7317198,36.239587],[126.7311985,36.239724],[126.7302039,36.2399665],[126.7294033,36.2399932],[126.7287222,36.2398488],[126.7279128,36.2400517],[126.7273048,36.239863],[126.7262659,36.2401653],[126.7256974,36.2398679],[126.725266,36.2393867],[126.724555,36.2395507],[126.7236562,36.2394163],[126.7235545,36.2393905],[126.7234325,36.2393739],[126.7227683,36.2390963],[126.722561,36.2387578],[126.7222934,36.2382737],[126.7219983,36.2382496],[126.7213922,36.2381846],[126.7212025,36.2378811],[126.7207007,36.237479],[126.7199212,36.2372453],[126.7195687,36.2370687],[126.7194455,36.237007],[126.7190781,36.2369222],[126.7189811,36.2365783],[126.7189164,36.2363487],[126.7190218,36.2359008],[126.7192986,36.2354028],[126.7190599,36.2349597],[126.7189669,36.2345871],[126.7191218,36.2343612],[126.7192211,36.2341926],[126.7189015,36.2339083],[126.7188901,36.2338274],[126.718827,36.2336472],[126.7187117,36.2333178],[126.7180501,36.2327418],[126.7179332,36.2326439],[126.7172529,36.2322774],[126.7172203,36.2322598],[126.7167301,36.2319958],[126.7165227,36.2316153],[126.7162786,36.2314986],[126.7158908,36.2312852],[126.7160887,36.230634],[126.7160521,36.229556],[126.716051,36.2295224],[126.7167268,36.2280424],[126.7166717,36.2275654],[126.7166618,36.2270148],[126.7164639,36.2265327],[126.7164983,36.2263049],[126.7165007,36.2261051],[126.7163328,36.2257768],[126.7162181,36.2255183],[126.7162059,36.2254907],[126.7162312,36.2250837],[126.7161984,36.2249064],[126.7161104,36.2244308],[126.7166078,36.2240282],[126.7165009,36.223829],[126.7166306,36.2234669],[126.716857,36.2229062],[126.7169693,36.222628],[126.7166163,36.2223868],[126.7163847,36.2219105],[126.7163976,36.2216156],[126.7164164,36.2211866],[126.7163949,36.2209911],[126.7157441,36.220972],[126.714734,36.2207183],[126.7146341,36.2204697],[126.7149852,36.2200006],[126.7149653,36.2197834],[126.7147639,36.219494],[126.7144767,36.2190599],[126.7142963,36.2188765],[126.7145382,36.2182213],[126.7145357,36.2181785],[126.7145025,36.2176179],[126.7145529,36.2172503],[126.7145941,36.2168221],[126.7139935,36.2168147],[126.7135351,36.2165134],[126.7133267,36.2164833],[126.712645,36.2160896],[126.7121858,36.2158183],[126.7119808,36.2156454],[126.7115727,36.2152822],[126.711309,36.2152655],[126.7112165,36.2151408],[126.711062,36.2149324],[126.7110015,36.2148676],[126.710827,36.214761],[126.7101801,36.2146014],[126.7097517,36.214365],[126.7095737,36.2142669],[126.7095219,36.2140342],[126.7094172,36.2139031],[126.709258,36.2137292],[126.7090007,36.213543],[126.7083933,36.2133827],[126.7083522,36.2133474],[126.7082286,36.213286],[126.7080463,36.2132233],[126.7073214,36.212993],[126.7073388,36.2129558],[126.7071044,36.2129267],[126.7070128,36.2127919],[126.7067108,36.2123475],[126.7064653,36.2120038],[126.7063823,36.2117542],[126.7063052,36.2116686],[126.7062489,36.2116617],[126.7055732,36.2113545],[126.7055013,36.211361],[126.7048017,36.211254],[126.7045199,36.2111159],[126.7043176,36.2107952],[126.7042485,36.210411],[126.7040931,36.2095941],[126.7038342,36.2092494],[126.7038094,36.2091047],[126.7037827,36.2089489],[126.7036335,36.2085957],[126.7030155,36.2084745],[126.7024928,36.2083541],[126.7019448,36.2083469],[126.7010276,36.2080711],[126.7003517,36.2080447],[126.6993337,36.2076974],[126.6993026,36.2076868],[126.6988471,36.2071938],[126.6993405,36.2062163],[126.699555,36.2060392],[126.6997693,36.2055328],[126.6999487,36.2051091],[126.6997056,36.2047157],[126.6996767,36.2046545],[126.6995687,36.2044257],[126.6989718,36.2038087],[126.6986724,36.2025458],[126.6986139,36.2018216],[126.6981924,36.2014798],[126.6978954,36.2005931],[126.6973799,36.1994999],[126.6968772,36.1987059],[126.6964738,36.1982394],[126.6964369,36.1976873],[126.6961712,36.1973681],[126.6957611,36.1971873],[126.6957235,36.1971708],[126.6955603,36.1962793],[126.695375,36.1957159],[126.6952964,36.1950789],[126.6953514,36.1948743],[126.6947143,36.1943825],[126.6945045,36.1943099],[126.6944029,36.1941951],[126.6943823,36.1942171],[126.6941794,36.1940342],[126.6939372,36.1938247],[126.6935024,36.1932574],[126.6928936,36.1925372],[126.6939181,36.1920841],[126.6953104,36.1914149],[126.6956026,36.1911475],[126.6959826,36.1907996],[126.6961993,36.1902998],[126.6961786,36.1900183],[126.6964795,36.1896174],[126.6964966,36.1895946],[126.6976799,36.1888237],[126.6978661,36.1884894],[126.6979171,36.1884525],[126.6981299,36.1881878],[126.6981949,36.1881299],[126.6982489,36.188067],[126.6982697,36.1880398],[126.6982914,36.1880141],[126.6984206,36.1877349],[126.6984224,36.1873843],[126.6984328,36.1871201],[126.698492,36.1871131],[126.6989892,36.1870534],[126.6997842,36.1859925],[126.6998303,36.1859311],[126.7000148,36.1857842],[126.7002051,36.1856266],[126.7007979,36.1855283],[126.7011076,36.1850321],[126.7011543,36.1850448],[126.7008874,36.1846117],[126.7005085,36.1842683],[126.7004979,36.1842587],[126.7005748,36.1839512],[126.7008355,36.1835969],[126.7008769,36.1825182],[126.7011181,36.1821642],[126.7013267,36.1818595],[126.7017494,36.1817682],[126.7026322,36.1817511],[126.7033172,36.1810714],[126.7045968,36.1808618],[126.7051112,36.1807002],[126.7056256,36.1804733],[126.7056444,36.180465],[126.7063729,36.1804958],[126.706583,36.1804983],[126.7078146,36.1808634],[126.7084262,36.1804159],[126.7090246,36.1804136],[126.7097108,36.180154],[126.7102422,36.1797174],[126.7108808,36.1793634],[126.7112849,36.1789903],[126.7116801,36.1783747],[126.7129211,36.1780233],[126.7144974,36.1778396],[126.714869,36.1778969],[126.7152634,36.1779474],[126.7157298,36.1780071],[126.7161642,36.17771],[126.7168675,36.1777605],[126.7172681,36.1780846],[126.7180491,36.1781729],[126.7182009,36.17819],[126.7186982,36.1780721],[126.7192026,36.1775507],[126.7198095,36.1775436],[126.7211202,36.1777682],[126.7215651,36.1774418],[126.7217477,36.1773376],[126.7221097,36.1774451],[126.7226214,36.1778882],[126.7230787,36.1786119],[126.7234434,36.1786066],[126.723823,36.1785181],[126.7243411,36.1783972],[126.7250522,36.1788946],[126.7261637,36.1786434],[126.7266633,36.1787731],[126.7272205,36.1787007],[126.7277643,36.1786301],[126.7278774,36.1786081],[126.7281185,36.1784658],[126.7284386,36.1784626],[126.7288231,36.1790175],[126.7289284,36.1794084],[126.729027,36.1797248],[126.7292206,36.180224],[126.7292548,36.1802303],[126.7297242,36.1806738],[126.729994,36.1809237],[126.7305441,36.1814236],[126.7315296,36.1819288],[126.732171,36.1823421],[126.7333294,36.1829657],[126.7334029,36.1830603],[126.7337398,36.1832582],[126.7341284,36.183466],[126.73442,36.1835699],[126.7348074,36.1837399],[126.7352491,36.1842518],[126.7360777,36.1844593],[126.7363493,36.1842809],[126.7369256,36.1842843],[126.7369922,36.1842894],[126.7379271,36.184437],[126.7389546,36.1846986],[126.739532,36.1844781],[126.7399234,36.1845791],[126.7405504,36.1847579],[126.741317,36.1851544],[126.7417238,36.1853653],[126.7419472,36.1854739],[126.7422735,36.1855929],[126.7427628,36.185756],[126.7431762,36.1855432],[126.7431871,36.1855376],[126.7438123,36.1852411],[126.7442293,36.1850343],[126.7443144,36.1850033],[126.7444901,36.1849698],[126.7447312,36.1849363],[126.7450599,36.1848874],[126.7455584,36.1847286],[126.7456174,36.1844994],[126.7458708,36.1843156],[126.7461806,36.1841674],[126.7466185,36.1837747],[126.7478063,36.1840088],[126.7484684,36.1835006],[126.7498069,36.1834796],[126.750503,36.183753],[126.7508021,36.1839775],[126.751137,36.184212],[126.7514588,36.1842664],[126.7520263,36.1843531],[126.7526934,36.1842303],[126.7538708,36.1840467],[126.7541477,36.1840094],[126.7546869,36.1840934],[126.7554329,36.1842056],[126.7559226,36.1840122],[126.7562295,36.1840173],[126.7574161,36.1835728],[126.757741,36.183576],[126.7581113,36.1839534],[126.7578252,36.1846347],[126.7582983,36.1846509],[126.7586061,36.1845662],[126.7588072,36.1845081],[126.7596069,36.1846286],[126.760654,36.1848893],[126.7610207,36.1850021],[126.7611794,36.1850649],[126.7616941,36.185516],[126.7625938,36.1855865],[126.7629814,36.1855478],[126.7636867,36.1857579],[126.7642339,36.1859772],[126.7649502,36.1858751],[126.7649671,36.1858727],[126.7657974,36.1860555],[126.766359,36.1857553],[126.7671549,36.1847807],[126.7674201,36.1844789],[126.7678498,36.1839661],[126.7686732,36.1844297],[126.7694354,36.1844907],[126.7699711,36.1847665],[126.7701549,36.184824],[126.7706126,36.1847677],[126.7713159,36.1846619],[126.7718843,36.1845089],[126.7730914,36.1845907],[126.773505,36.1843013],[126.7737972,36.1840993],[126.7738309,36.1840731],[126.7738824,36.1840814],[126.773938,36.1840893],[126.7739874,36.1841049],[126.774274,36.1842185],[126.7755206,36.1846273],[126.7757095,36.1846367],[126.7765564,36.1846023],[126.7771899,36.1848065],[126.7783269,36.1852967],[126.7788353,36.1853428],[126.7790841,36.1857033],[126.7802183,36.1858985],[126.7809718,36.1858556],[126.7821292,36.186138],[126.783166,36.1860086],[126.7836721,36.1859318],[126.7847431,36.1846931],[126.7853365,36.184586],[126.785535,36.1845569],[126.7857182,36.184554],[126.7858195,36.1845632],[126.785879,36.1845359],[126.786407,36.1842947],[126.7864306,36.1842706],[126.7864883,36.1841618],[126.7865944,36.184159],[126.7869957,36.1842108],[126.787194,36.1842275],[126.7880356,36.1839731],[126.7885317,36.1838939],[126.7895769,36.1837067],[126.7902859,36.1835277],[126.7913965,36.1837247],[126.7913878,36.183522],[126.7913864,36.1834888],[126.7917459,36.1829956],[126.7928569,36.1830864],[126.7939948,36.1831754],[126.7944982,36.1821405],[126.7946366,36.1816136],[126.7948758,36.1813414],[126.7954077,36.1811884],[126.7956856,36.1813868],[126.7964638,36.1815794],[126.796632,36.1808566],[126.797064,36.1800748],[126.7968197,36.1793938],[126.7963816,36.1788925],[126.7963904,36.1788655],[126.7963361,36.1788277],[126.7963679,36.1787385],[126.7964525,36.1786717],[126.7964536,36.1786711],[126.7964969,36.1785376],[126.7965474,36.178353],[126.7967785,36.1779212],[126.7967751,36.1775072],[126.7969446,36.1770969],[126.7969154,36.1765305],[126.7974119,36.1761199],[126.7976693,36.175705],[126.7973944,36.1753471],[126.7973893,36.1748943],[126.7972943,36.1744402],[126.7975534,36.1740285],[126.7976052,36.173918],[126.7982296,36.1735176],[126.7981799,36.1734158],[126.7985232,36.1730528],[126.7986715,36.1725161],[126.7977238,36.1723278],[126.7965821,36.1720023],[126.7963264,36.1721492],[126.7959891,36.1726463],[126.7959016,36.1729834],[126.7949176,36.1731682],[126.7945453,36.1732361],[126.7944416,36.1730933],[126.7938824,36.1723821],[126.7936768,36.1718882],[126.7936094,36.1717167],[126.7935857,36.1716343],[126.7930435,36.1700778],[126.7931511,36.1696756],[126.7931507,36.1696334],[126.7933188,36.1693613],[126.7936195,36.1688747],[126.7937322,36.1687237],[126.7938391,36.1685807],[126.7938913,36.1684567],[126.7939749,36.1682579],[126.7942803,36.1678257],[126.7943805,36.1677673],[126.7944411,36.1676486],[126.794457,36.1676173],[126.7946342,36.1672699],[126.7947267,36.167085],[126.7953806,36.1660021],[126.7959054,36.1656637],[126.7959853,36.1655625],[126.7960043,36.165503],[126.7961989,36.1651145],[126.7962174,36.1644119],[126.7964339,36.1639724],[126.7964241,36.1638615],[126.7955374,36.1636106],[126.7952538,36.1634302],[126.7950887,36.1631481],[126.7950722,36.1631142],[126.7950713,36.1624521],[126.796178,36.1618679],[126.7962672,36.1617362],[126.7963299,36.1613732],[126.796555,36.1612786],[126.7968298,36.1607984],[126.7967511,36.1602318],[126.7967185,36.1599976],[126.7958634,36.160058],[126.7953619,36.159854],[126.7954518,36.1591817],[126.7949643,36.158951],[126.795021,36.1586198],[126.7950357,36.158481],[126.7950623,36.1583413],[126.7953904,36.1579043],[126.7953427,36.157571],[126.7953318,36.1571796],[126.7958908,36.1566399],[126.7959435,36.1565831],[126.7963487,36.1562644],[126.7959756,36.1559483],[126.7959712,36.1559343],[126.7959237,36.1557824],[126.7959235,36.1557579],[126.7958954,36.1557549],[126.7958711,36.1557299],[126.7958509,36.1556632],[126.79585,36.1554898],[126.7958405,36.1554383],[126.7958038,36.1553662],[126.7958013,36.1553326],[126.7957695,36.1552836],[126.795768,36.1551597],[126.7957906,36.1551442],[126.7957663,36.1550282],[126.7957603,36.1549962],[126.7957491,36.1549614],[126.7956837,36.1549256],[126.7956264,36.1549254],[126.7955858,36.1549003],[126.7955294,36.1548161],[126.7954548,36.1547675],[126.7954472,36.1547562],[126.7953356,36.1547705],[126.7952962,36.1547413],[126.7952617,36.1546815],[126.7952663,36.1546505],[126.7953581,36.1545438],[126.7954812,36.1543966],[126.7954851,36.1543605],[126.7954878,36.1543354],[126.7954926,36.1543151],[126.7953945,36.154271],[126.7953977,36.1542089],[126.7954681,36.1540939],[126.7959215,36.1535909],[126.7958711,36.1533264],[126.7963776,36.1528311],[126.7962289,36.1526003],[126.7960521,36.1523515],[126.7959048,36.1521613],[126.7959054,36.1517696],[126.7957378,36.1517372],[126.7954554,36.1516767],[126.7947668,36.1514423],[126.7946888,36.1506168],[126.7945329,36.1500484],[126.7946998,36.1498089],[126.7949064,36.1495356],[126.7949985,36.1494341],[126.7948805,36.1494248],[126.7948793,36.1493343],[126.7950558,36.1493455],[126.7950989,36.1493578],[126.7951631,36.1493005],[126.795188,36.1492751],[126.7951063,36.1492308],[126.7950047,36.14923],[126.7949178,36.1492067],[126.7947664,36.1491128],[126.7946804,36.1490284],[126.7946393,36.1489401],[126.7946358,36.1489017],[126.7946745,36.148861],[126.7947356,36.1488558],[126.7947386,36.1488347],[126.7947466,36.1487234],[126.794744,36.1485404],[126.7947166,36.1484255],[126.7946933,36.148378],[126.7946281,36.1482501],[126.7945871,36.1481605],[126.7945644,36.1481095],[126.7945479,36.1480663],[126.7945248,36.1479954],[126.7945023,36.1478123],[126.7944806,36.1477557],[126.7944245,36.1477101],[126.7942818,36.1475965],[126.7942004,36.1475262],[126.7941231,36.1474326],[126.7940746,36.1474141],[126.7940167,36.147266],[126.7939786,36.1472858],[126.7939344,36.1472683],[126.7938908,36.147233],[126.7938062,36.1472175],[126.7934052,36.146933],[126.7927772,36.1464807],[126.792848,36.1462748],[126.792961,36.145946],[126.7929762,36.1457869],[126.7928034,36.1456178],[126.7927523,36.1455164],[126.7926413,36.1453025],[126.792391,36.14482],[126.7922566,36.1445611],[126.7927163,36.1442721],[126.7929396,36.1440732],[126.793235,36.1440034],[126.7935437,36.1439416],[126.7936915,36.1438438],[126.7937512,36.1437873],[126.7940228,36.143531],[126.794515,36.1432787],[126.7945641,36.1432409],[126.7947173,36.1430096],[126.7947522,36.1429357],[126.7947247,36.1428596],[126.7946351,36.1425112],[126.7945516,36.1423553],[126.7945582,36.1419844],[126.7944927,36.1417423],[126.7943649,36.1413786],[126.7943828,36.1413348],[126.7947692,36.14077],[126.7947714,36.1407368],[126.7947514,36.1406708],[126.7945943,36.1402529],[126.7944255,36.1398849],[126.7944543,36.1395885],[126.7944507,36.1395352],[126.794509,36.1394154],[126.7945573,36.139262],[126.7950018,36.1392753],[126.7956097,36.1394492],[126.7961177,36.1399278],[126.7965828,36.1403766],[126.7967964,36.1404836],[126.7969188,36.1405449],[126.7971423,36.1405297],[126.7981331,36.1402607],[126.7985315,36.1403131],[126.7985588,36.1403282],[126.7990111,36.1405776],[126.7991823,36.1406136],[126.7992149,36.1407684],[126.7992911,36.1411295],[126.799844,36.1415677],[126.8002488,36.1420054],[126.8007615,36.1425708],[126.8016287,36.1430888],[126.8029492,36.1436797],[126.8030178,36.1430447],[126.8031527,36.1426955],[126.8035359,36.1423479],[126.8039328,36.1422774],[126.8051104,36.1420637],[126.8059291,36.1418283],[126.8059765,36.141578],[126.8060503,36.1411739],[126.8066923,36.1408372],[126.8074664,36.1406616],[126.8079847,36.1405346],[126.8084823,36.1402778],[126.8088762,36.1400688],[126.8093133,36.1399105],[126.8104063,36.1396207],[126.8107607,36.1394296],[126.8107979,36.1394194],[126.8116653,36.1392167],[126.8122988,36.1388814],[126.8123371,36.1388463],[126.812619,36.1385148],[126.8127242,36.1384822],[126.8130809,36.1384652],[126.8136114,36.1385806],[126.8140926,36.1387859],[126.8144756,36.1386494],[126.8149383,36.1386312],[126.8150951,36.1384361],[126.8152851,36.1383504],[126.8152678,36.138271],[126.8152499,36.1382432],[126.8156769,36.1381754],[126.8160196,36.1379967],[126.8164519,36.1379501],[126.8169633,36.137654],[126.8176786,36.1378163],[126.8180081,36.137976],[126.8184376,36.1383098],[126.8187736,36.1382153],[126.8192827,36.1380721],[126.8197299,36.138],[126.8199716,36.1378412],[126.8203726,36.1376576],[126.820052,36.1365772],[126.8197779,36.1355645],[126.8195996,36.1349286],[126.8199774,36.1344982],[126.8200686,36.1343916],[126.8200523,36.1343915],[126.8200751,36.1343577],[126.8200791,36.1343461],[126.8201542,36.1342311],[126.8202908,36.134127],[126.8202871,36.134047],[126.8202854,36.1339969],[126.8204777,36.1340245],[126.8205821,36.1339383],[126.8207254,36.1338631],[126.8209053,36.1337565],[126.8210988,36.1335389],[126.8211395,36.1335092],[126.8210875,36.1334797],[126.8211563,36.1333053],[126.8223336,36.1326579],[126.8221418,36.1321976],[126.8230583,36.1320321],[126.8232463,36.1319981],[126.8233878,36.1319378],[126.8241659,36.1315667],[126.8242794,36.1311469],[126.8243222,36.1308086],[126.8244367,36.1304378],[126.8246364,36.130252],[126.8247177,36.1299481],[126.8253435,36.1292472],[126.8253623,36.1290978],[126.8255576,36.1288786],[126.8255996,36.1287582],[126.8262864,36.1281999],[126.8269997,36.1281704],[126.8271554,36.1281657],[126.8274292,36.1281539],[126.8281887,36.1279332],[126.8284624,36.1276307],[126.8289564,36.1273722],[126.8291485,36.1272909],[126.8292193,36.1272194],[126.8295616,36.127141],[126.8297382,36.1270771],[126.8301031,36.126852],[126.8302988,36.1265548],[126.8305021,36.1262461],[126.8305491,36.1258892],[126.830571,36.1257235],[126.830701,36.1254208],[126.8312287,36.1248892],[126.8311417,36.124716],[126.8310892,36.1243352],[126.8313783,36.1239459],[126.8316592,36.1238172],[126.83183,36.1237389],[126.8319593,36.1237609],[126.832223,36.1235593],[126.8322585,36.123509],[126.8323452,36.1234498],[126.8323958,36.1234152],[126.8324466,36.123399],[126.8324969,36.123398],[126.8325601,36.1234054],[126.832642,36.1233995],[126.8328164,36.1233672],[126.8328201,36.1233558],[126.832837,36.1233489],[126.8329211,36.1233154],[126.8330359,36.123303],[126.8331159,36.1232302],[126.8331491,36.1231848],[126.8331683,36.1231859],[126.8331748,36.1231881],[126.8332185,36.1231831],[126.8335848,36.1231325],[126.8345329,36.1232889],[126.8350083,36.1231337],[126.835407,36.1229201],[126.8355896,36.1227344],[126.835779,36.122604],[126.8358743,36.1224277],[126.8359429,36.1222452],[126.8359428,36.1220066],[126.8360837,36.1218272],[126.8361744,36.1217159],[126.8362693,36.1215828],[126.8363702,36.1214761],[126.836537,36.1213247],[126.8366667,36.121357],[126.8367343,36.1213537],[126.8367739,36.1213524],[126.836789,36.1213078],[126.83681,36.1212998],[126.8368131,36.1212808],[126.8370955,36.1213456],[126.8370666,36.1208998],[126.8370311,36.1206776],[126.8370479,36.1205614],[126.8373581,36.1202846],[126.8380166,36.1200028],[126.8384095,36.1199967],[126.8384325,36.1199844],[126.8385089,36.1199411],[126.8389268,36.1199433],[126.8390299,36.119975],[126.8392293,36.1198895],[126.8393541,36.1198065],[126.8400024,36.1198203],[126.8400365,36.119821],[126.8403101,36.1197974],[126.8404208,36.1197753],[126.8404279,36.1198102],[126.84047,36.1198005],[126.8405,36.1197923],[126.8405258,36.1197755],[126.8406411,36.1197093],[126.8406543,36.1196623],[126.840829,36.1194943],[126.8409035,36.1193226],[126.8409158,36.1192435],[126.8409081,36.1191445],[126.8409015,36.1190488],[126.8409118,36.1189875],[126.8409286,36.1188913],[126.8409706,36.1186631],[126.8409999,36.1182787],[126.8410366,36.1182269],[126.8410294,36.1182019],[126.8410098,36.1181527],[126.8410572,36.11809],[126.8411081,36.1179903],[126.8411481,36.1178738],[126.8412376,36.1176099],[126.8412185,36.1175768],[126.8412315,36.1174456],[126.8411351,36.1174427],[126.841147,36.1172844],[126.8411527,36.1172015],[126.841186,36.1170073],[126.8412332,36.1166618],[126.8412746,36.1164091],[126.8412994,36.1163403],[126.8414781,36.1160695],[126.8415703,36.1157929],[126.841563,36.1155512],[126.8417165,36.1149132],[126.8417478,36.1144501],[126.8416821,36.1139868],[126.8417106,36.1137459],[126.8416967,36.1133884],[126.8417095,36.1129672],[126.8416078,36.112796],[126.8418323,36.1123093],[126.8417537,36.1117945],[126.8417162,36.1112974],[126.8417069,36.1108689],[126.8416443,36.1105728],[126.8414221,36.1098448],[126.8413037,36.1095057],[126.841191,36.1091933],[126.8413121,36.1090296],[126.8413765,36.1088209],[126.8413957,36.1085099],[126.8413999,36.1081757],[126.8413752,36.1080681],[126.8412371,36.1080449],[126.841014,36.1080245],[126.8409086,36.1080148],[126.8408803,36.1080123],[126.8408352,36.1080093],[126.8405928,36.1080009],[126.8404458,36.108002],[126.8400857,36.1080029],[126.840041,36.1079892],[126.8399996,36.1079878],[126.839847,36.1079826],[126.839732,36.1079755],[126.8395558,36.1079654],[126.8393992,36.1079563],[126.8391027,36.1079388],[126.8389637,36.1079309],[126.8387314,36.1079],[126.8387087,36.107897],[126.838687,36.1077402],[126.8386774,36.1077055],[126.8386315,36.107667],[126.8385714,36.1076167],[126.8383968,36.1074473],[126.8383734,36.1074323],[126.8383094,36.1074599],[126.8382261,36.1073654],[126.8381785,36.107313],[126.8381484,36.1072365],[126.8381279,36.1071574],[126.8380799,36.107031],[126.8380218,36.1064497],[126.8380848,36.1062787],[126.8380896,36.1061243],[126.8380682,36.106011],[126.8380149,36.1059004],[126.8379793,36.1057899],[126.8380263,36.1056018],[126.8380514,36.1055646],[126.8381095,36.1054787],[126.8381232,36.105417],[126.8381311,36.1053817],[126.8381412,36.1053553],[126.8382534,36.1050612],[126.8383457,36.1048819],[126.8384154,36.1046773],[126.8384598,36.104544],[126.8384603,36.1044222],[126.8384215,36.1043923],[126.83838,36.1043607],[126.8383324,36.1043252],[126.8382985,36.1042999],[126.8382836,36.104279],[126.8382579,36.104243],[126.8382184,36.1041586],[126.8382067,36.1040256],[126.8382459,36.1038715],[126.8382538,36.1038391],[126.8383162,36.1036819],[126.838324,36.1035097],[126.8382824,36.103388],[126.8382692,36.1033503],[126.8382703,36.1033286],[126.8382726,36.1032935],[126.8381934,36.1031721],[126.8381633,36.1031034],[126.8381347,36.1030392],[126.8380886,36.1029671],[126.8378779,36.1027537],[126.8378601,36.1025676],[126.8378284,36.1024645],[126.8378204,36.1024388],[126.8378137,36.102435],[126.8377651,36.1024074],[126.8376837,36.1023612],[126.8375649,36.1022492],[126.8375197,36.1022065],[126.8374954,36.1021835],[126.8374206,36.1020059],[126.8374222,36.1019673],[126.8374767,36.1018298],[126.8375094,36.101747],[126.8376265,36.1014115],[126.8376461,36.1012851],[126.8376558,36.1012334],[126.8376529,36.1012279],[126.8376834,36.1011346],[126.8378505,36.1007836],[126.8378944,36.1007289],[126.837821,36.100699],[126.8378587,36.1005382],[126.8378656,36.1005078],[126.8378752,36.1004659],[126.8378881,36.1004097],[126.8378904,36.1003996],[126.837895,36.1001257],[126.8379505,36.099808],[126.8379965,36.0996654],[126.8380472,36.099614],[126.8381431,36.0995459],[126.8382225,36.0994895],[126.8382373,36.0994839],[126.8384438,36.099405],[126.8385188,36.0993763],[126.8385611,36.0993602],[126.8385833,36.0993518],[126.8386991,36.0993039],[126.8387656,36.0992778],[126.8390356,36.0991904],[126.8391503,36.0990793],[126.8388572,36.0987828],[126.8387374,36.0984044],[126.8387904,36.097997],[126.8387882,36.097902],[126.838727,36.0977561],[126.838547,36.0976039],[126.8385283,36.0974746],[126.8385818,36.0972375],[126.8385552,36.0967656],[126.8386416,36.0965848],[126.8386455,36.0965722],[126.8387569,36.0962609],[126.838825,36.0960807],[126.8388619,36.095938],[126.8388154,36.0958115],[126.838759,36.0957159],[126.8387499,36.0956207],[126.8387606,36.0955117],[126.8388781,36.0952681],[126.8389316,36.0951151],[126.8389397,36.0947815],[126.8389735,36.0946372],[126.8390574,36.0941316],[126.8391197,36.0938695],[126.8392026,36.0935111],[126.8392005,36.0931641],[126.8392261,36.0930004],[126.8392987,36.0926938],[126.8396169,36.0919655],[126.8396861,36.0916667],[126.8398708,36.0911672],[126.840025,36.0907284],[126.8402384,36.0899865],[126.8401544,36.0896404],[126.8401809,36.089288],[126.840125,36.0891861],[126.8399031,36.0890098],[126.8398797,36.0889624],[126.8398856,36.0888229],[126.8399242,36.0885594],[126.8399257,36.088464],[126.839925,36.0883933],[126.8398867,36.0883043],[126.8396062,36.0882129],[126.8395995,36.088208],[126.8395212,36.0881502],[126.83944,36.0880903],[126.839366,36.0880088],[126.8392864,36.0879211],[126.8392503,36.0878566],[126.8392336,36.0878267],[126.8392468,36.0877681],[126.8392571,36.0877188],[126.8393368,36.0875651],[126.8393688,36.0875425],[126.8394259,36.0875022],[126.8395164,36.0874383],[126.8396112,36.0873714],[126.8396991,36.0872841],[126.8397672,36.0871145],[126.8398895,36.0869101],[126.839974,36.0868291],[126.8402606,36.0866619],[126.8403215,36.0866575],[126.8406006,36.0865311],[126.8409628,36.0863086],[126.8412808,36.0861836],[126.8413739,36.086147],[126.8415127,36.0860638],[126.8415769,36.0860174],[126.8417109,36.0859206],[126.841816,36.0857926],[126.841829,36.0857632],[126.8418311,36.0857632],[126.8418461,36.0857206],[126.8418442,36.0857109],[126.8418207,36.085591],[126.8417976,36.0855615],[126.841531,36.0852089],[126.8414888,36.0850734],[126.841483,36.0850549],[126.841513,36.0849382],[126.8416217,36.0848649],[126.8416661,36.0848349],[126.8421505,36.0847858],[126.8422705,36.0847815],[126.842415,36.0847764],[126.8424524,36.0847751],[126.8425412,36.0847601],[126.8426102,36.0847484],[126.8427253,36.0846139],[126.8427552,36.0845042],[126.8427728,36.0844397],[126.8427201,36.0841771],[126.8425801,36.0840631],[126.8425616,36.0840543],[126.8424088,36.0839808],[126.8423787,36.0839664],[126.8422184,36.0837242],[126.8421939,36.0835892],[126.8422337,36.0833826],[126.842282,36.0832267],[126.8423516,36.0830606],[126.8424164,36.0829096],[126.8428184,36.0823174],[126.8431249,36.0820997],[126.8434215,36.0819321],[126.8441014,36.081457],[126.844309,36.0813395],[126.8447298,36.0812969],[126.8449022,36.0812375],[126.8453,36.0809397],[126.8454726,36.0808559],[126.8457577,36.0808049],[126.8461912,36.0809589],[126.8466416,36.081088],[126.8470556,36.0811538],[126.8475525,36.0812187],[126.8476531,36.0812129],[126.8479175,36.0811005],[126.8481518,36.0809285],[126.8483436,36.0807657],[126.848429,36.0806778],[126.8484404,36.0805031],[126.8484441,36.0804804],[126.8483953,36.0803891],[126.8483812,36.0803627],[126.8483606,36.0803408],[126.8482197,36.0801904],[126.8481065,36.0800698],[126.8480458,36.0800164],[126.8479649,36.079902],[126.8479466,36.0798879],[126.8478822,36.0798386],[126.847731,36.0797537],[126.8476836,36.0797373],[126.8476011,36.0797088],[126.8475135,36.0796785],[126.8474491,36.0796563],[126.8472618,36.0795916],[126.8470699,36.0794839],[126.8469979,36.0794434],[126.8469892,36.079411],[126.8469466,36.0792518],[126.8469454,36.0792474],[126.8470053,36.07908],[126.8470721,36.0789984],[126.8470944,36.0789712],[126.8471647,36.0789322],[126.8472124,36.0789057],[126.847223,36.0789031],[126.8475848,36.0788132],[126.8477532,36.0787894],[126.8481868,36.0787253],[126.8482968,36.0786864],[126.8483395,36.0786713],[126.8483727,36.0786596],[126.8484214,36.0786423],[126.8486205,36.0785228],[126.8486237,36.0785199],[126.8487436,36.0784086],[126.8487955,36.0783252],[126.848856,36.0781974],[126.8488736,36.0780548],[126.8489243,36.0776503],[126.8489384,36.0775374],[126.848949,36.0774637],[126.8489518,36.0774354],[126.8489688,36.0773566],[126.8489786,36.0773016],[126.8489971,36.0772436],[126.8490286,36.0771479],[126.8490466,36.0770922],[126.8490492,36.0770889],[126.849143,36.0769721],[126.849173,36.0769339],[126.8494743,36.0769055],[126.8495756,36.0769274],[126.8497431,36.0769627],[126.8498453,36.0769844],[126.8499272,36.0770017],[126.8500331,36.0770061],[126.8500827,36.0770079],[126.8501239,36.0770124],[126.8504081,36.0769943],[126.8505332,36.0769866],[126.8508516,36.0769661],[126.8511134,36.0769377],[126.85121,36.076927],[126.8512302,36.0769245],[126.8513238,36.076898],[126.8516087,36.0768183],[126.8517399,36.0767706],[126.8518006,36.0767754],[126.85194,36.0767872],[126.8521723,36.0768073],[126.852378,36.0769067],[126.8524538,36.0769433],[126.8524604,36.0769471],[126.8525479,36.077001],[126.8526131,36.0770406],[126.8526718,36.0770767],[126.8528831,36.0772061],[126.8529975,36.0772756],[126.8530783,36.0774374],[126.8530408,36.0775367],[126.8529731,36.0777145],[126.8529548,36.0777623],[126.8529328,36.077815],[126.8528653,36.0779862],[126.8528386,36.078054],[126.8528173,36.0781401],[126.8528663,36.0782396],[126.8529213,36.0783513],[126.8529624,36.0784347],[126.8530075,36.0785118],[126.8531047,36.0786779],[126.8531165,36.0786939],[126.8531827,36.078783],[126.8532172,36.0788296],[126.8533496,36.0789522],[126.8537158,36.0790756],[126.8538216,36.0790651],[126.8540175,36.0790456],[126.8545966,36.0787915],[126.8548832,36.078601],[126.8550583,36.0784351],[126.8552091,36.0782635],[126.8552161,36.0781447],[126.8552183,36.0781065],[126.8551843,36.0779522],[126.8551696,36.0778858],[126.8550656,36.077646],[126.8550839,36.0775149],[126.8551462,36.0773954],[126.8553519,36.0772484],[126.8555472,36.077146],[126.8556516,36.0770874],[126.8557619,36.0770421],[126.855885,36.0769918],[126.8559872,36.0769492],[126.8560747,36.0769101],[126.8563738,36.0767708],[126.8566143,36.0765992],[126.8567438,36.0764441],[126.8568282,36.0762916],[126.8569111,36.0761452],[126.857013,36.0759425],[126.8573022,36.0754646],[126.8573554,36.0754034],[126.8575169,36.0752156],[126.8575926,36.0750774],[126.8576584,36.0749519],[126.8576846,36.0748945],[126.8577725,36.0747046],[126.8577995,36.0746459],[126.8578709,36.0744925],[126.8578906,36.0744501],[126.8579035,36.0743602],[126.8579125,36.0742967],[126.8579027,36.074098],[126.8578997,36.0740372],[126.8578926,36.0738878],[126.8578799,36.0736259],[126.8579211,36.0735385],[126.857953,36.0735183],[126.8580326,36.0734679],[126.8582044,36.0734346],[126.8583718,36.0734852],[126.8585556,36.0736389],[126.8585716,36.0736521],[126.8586453,36.0737994],[126.8587373,36.0739869],[126.8587627,36.0740372],[126.8588481,36.0742515],[126.8588774,36.0743262],[126.8589672,36.0746974],[126.858973,36.0747209],[126.8589806,36.0747535],[126.8590043,36.0748404],[126.8590378,36.0749572],[126.8590858,36.0751242],[126.8592409,36.0753994],[126.8592728,36.0754202],[126.8593763,36.0754876],[126.8594645,36.0755451],[126.8597151,36.0756106],[126.8599117,36.0756158],[126.860007,36.0755858],[126.8602685,36.0755037],[126.8605007,36.0753702],[126.8606474,36.0752862],[126.8607454,36.0752333],[126.8607706,36.0752204],[126.8610983,36.0750425],[126.8613459,36.074961],[126.8614139,36.0749394],[126.8615155,36.0749365],[126.8615648,36.0749467],[126.8616059,36.0749561],[126.8616289,36.0749791],[126.861777,36.0751286],[126.8617914,36.0752103],[126.8618056,36.0752917],[126.8616952,36.0756325],[126.861651,36.075764],[126.8616607,36.0760238],[126.8616611,36.0760308],[126.8617163,36.076172],[126.8617804,36.0763217],[126.861875,36.0765664],[126.8619493,36.0767775],[126.8620872,36.076918],[126.8622134,36.0769632],[126.8623981,36.0769991],[126.8625842,36.0770375],[126.8627301,36.077084],[126.8628493,36.0771421],[126.8631797,36.0771531],[126.8636846,36.077108],[126.863933,36.0770201],[126.8641173,36.076905],[126.8641932,36.076816],[126.8645699,36.0766228],[126.8648703,36.0763733],[126.8651061,36.0761965],[126.8652091,36.0761615],[126.8657526,36.0759818],[126.8692502,36.0748354],[126.8719035,36.0739731],[126.8724428,36.0772543],[126.8744014,36.0892506],[126.8744074,36.0917663],[126.8746823,36.098974],[126.8747631,36.0998083],[126.8748185,36.1003675],[126.8748779,36.1009628],[126.8749572,36.1017464],[126.8749532,36.102023],[126.874915,36.1034759],[126.8748725,36.1049963],[126.8748576,36.1056274],[126.8748496,36.1060504],[126.8748319,36.1066596],[126.8748041,36.1074758],[126.874776,36.1084284],[126.8747542,36.1092317],[126.8747271,36.1099925],[126.8747135,36.1104507],[126.8746773,36.1117166],[126.8746766,36.112836],[126.8746801,36.1128619],[126.8749674,36.1134451],[126.8752512,36.1140145],[126.8755263,36.1145651],[126.8757876,36.1150853],[126.8760628,36.1155758],[126.8763645,36.1161059],[126.8765517,36.1164428],[126.8782949,36.1195245],[126.8784267,36.1200487],[126.8788437,36.1217482],[126.8793192,36.1236541],[126.8794202,36.1240773],[126.8794264,36.124092],[126.8795995,36.1247887],[126.8798216,36.1256712],[126.879954,36.1261891],[126.8802909,36.1268625],[126.8804925,36.1272597],[126.8806958,36.1276668],[126.8811778,36.1286256],[126.8813943,36.1290627],[126.8816358,36.1295473],[126.8818606,36.1300041],[126.8820461,36.1303754],[126.8822959,36.1308659],[126.8824566,36.131188],[126.882593,36.1317957],[126.8826884,36.1322259],[126.8827962,36.1327097],[126.8828616,36.1330109],[126.8829238,36.1332958],[126.8830129,36.1336956],[126.8834688,36.1342575],[126.883639,36.1344716],[126.8843774,36.1353945],[126.8849619,36.1361188],[126.8851214,36.1363172],[126.8857723,36.1371388],[126.8860166,36.1374454],[126.8863468,36.1378581],[126.8865479,36.1380789],[126.88664,36.138177],[126.8868774,36.1384419],[126.887086,36.1386754],[126.887326,36.1389448],[126.8875036,36.1391446],[126.887981,36.1396805],[126.8885652,36.1403468],[126.8902176,36.1416868],[126.8903413,36.141783],[126.890508,36.1419198],[126.8906778,36.142022],[126.8910428,36.1422353],[126.8917397,36.1426444],[126.8920657,36.1428376],[126.8924521,36.1430656],[126.8930125,36.1433979],[126.8933884,36.1436072],[126.8936119,36.143732],[126.8939013,36.143895],[126.894164,36.1440425],[126.8945115,36.1442385],[126.8950255,36.1445295],[126.8955045,36.1447995],[126.8960587,36.1448515],[126.8985614,36.1450831],[126.9016197,36.1448021],[126.9049525,36.1436809],[126.9071714,36.1425707],[126.9077295,36.1422945],[126.9080437,36.1419805],[126.9083204,36.1417025],[126.9093969,36.1406247],[126.9118924,36.1389596],[126.9127305,36.1387529],[126.9141223,36.1384109],[126.9155104,36.1381285],[126.9167807,36.1382709],[126.9182854,36.1384449],[126.9205087,36.1386846],[126.921791,36.1397093],[126.9232816,36.1409084],[126.9249059,36.1417144],[126.9260609,36.1423002],[126.9288421,36.1434129],[126.9293895,36.1436469],[126.9316178,36.1446224],[126.9349596,36.148901],[126.9352309,36.1492479],[126.9355725,36.1495028],[126.9363776,36.1501096],[126.9369261,36.1505256],[126.937439,36.1509149],[126.9381732,36.1516412],[126.9384145,36.1518802],[126.9388507,36.1523164],[126.9390744,36.1525359],[126.939544,36.1530109],[126.939666,36.1531359],[126.9404914,36.1535681],[126.9411571,36.1539196],[126.9417037,36.1542084],[126.9421621,36.1544528],[126.9423411,36.1545356],[126.9427219,36.1547127],[126.9428124,36.1547549],[126.9428447,36.1547703],[126.9429221,36.1548061],[126.9432651,36.1549659],[126.9435379,36.1550937],[126.9438028,36.1552176],[126.9440558,36.1553362],[126.9443356,36.155467],[126.9445478,36.1555676],[126.9450439,36.155802],[126.9452501,36.1558986],[126.9454472,36.1559445],[126.9457021,36.1560059],[126.9460451,36.1560889],[126.9462686,36.1561439],[126.9467917,36.1562686],[126.9473392,36.1564005],[126.9481859,36.1566038],[126.9485265,36.1566866],[126.9490118,36.1568015],[126.9494021,36.1568947],[126.9497818,36.1569855],[126.9510507,36.1572906],[126.9514291,36.1574051],[126.9516,36.1574573],[126.9523831,36.1576901],[126.9529608,36.1578623],[126.953837,36.1581255],[126.9542108,36.1582102],[126.9548316,36.158352],[126.9555118,36.1585069],[126.9560975,36.1586407],[126.956571,36.1587508],[126.9569582,36.158841],[126.957155,36.1588885],[126.9574513,36.158959],[126.9577225,36.1589587],[126.9580248,36.1589562],[126.9582568,36.1589539],[126.9589572,36.1589485],[126.9591548,36.1589472],[126.9592567,36.1589462],[126.9594279,36.1589454],[126.9595685,36.1589441],[126.9598463,36.1589423],[126.9599582,36.1589411],[126.9601219,36.1589396],[126.960189,36.1589394],[126.9604825,36.1589379],[126.9605039,36.1589375],[126.9605937,36.1589303],[126.9611798,36.1588844],[126.9616001,36.1588524],[126.9619521,36.1588253],[126.962038,36.1588191],[126.9624046,36.1587912],[126.9624464,36.1587879],[126.962711,36.1587693],[126.9638315,36.1586825],[126.9653264,36.1578451],[126.9663232,36.157291],[126.9673942,36.1565788],[126.9680413,36.1561522],[126.9686815,36.1557333],[126.9708731,36.1542806],[126.971549,36.1538359],[126.9721634,36.1534241],[126.97303,36.1530483],[126.9738251,36.1527053],[126.9741897,36.1525495],[126.9743218,36.1524964],[126.9744266,36.1524515],[126.9749167,36.1522389],[126.9754106,36.1520252],[126.9760176,36.151763],[126.9765249,36.1515443],[126.97655,36.151533],[126.9766135,36.1515062],[126.9768119,36.1514215],[126.9770055,36.1513382],[126.9770235,36.1513308],[126.9771004,36.1512979],[126.9771612,36.1512718],[126.9772927,36.1512155],[126.9776706,36.1510519],[126.9778109,36.1509901],[126.977991,36.1509112],[126.978028,36.1509054],[126.9783478,36.1508561],[126.9784099,36.1508462],[126.9784679,36.1508373],[126.9791632,36.1507313],[126.9793812,36.1506977],[126.9795398,36.1506719],[126.9795779,36.1506662],[126.9796041,36.1506619],[126.9796319,36.1506579],[126.9796883,36.1506487],[126.9797431,36.1506403],[126.9798093,36.1506298],[126.9800923,36.1505856],[126.9802649,36.1505589],[126.9803018,36.150553],[126.9804748,36.1505258],[126.9805655,36.1505126],[126.980678,36.150495],[126.9807323,36.150487],[126.9810717,36.1504352],[126.9810992,36.1504312],[126.9811539,36.1504228],[126.981177,36.1504196],[126.9812731,36.1504048],[126.9813153,36.150398],[126.9814767,36.1503729],[126.9815025,36.1503692],[126.9815773,36.1503576],[126.9815984,36.1503538],[126.9817597,36.150337],[126.9820319,36.1503092],[126.9820794,36.1503041],[126.9822071,36.150291],[126.9825047,36.1502614],[126.9825859,36.1502531],[126.9831483,36.1501965],[126.9834891,36.1501631],[126.9838143,36.1501321],[126.9842695,36.1500884],[126.9843334,36.1500818],[126.9846265,36.1500819],[126.9849367,36.1500785],[126.9863574,36.1500716],[126.987991,36.1500705],[126.9890948,36.1499296],[126.990492,36.1497537],[126.9913534,36.1496471],[126.9923699,36.1495232],[126.9939695,36.149331],[126.9943265,36.1492883],[126.9946559,36.1492471],[126.9951095,36.1492428],[126.9960474,36.1492406],[126.9988257,36.1492447],[126.9997838,36.1495602],[127.0007221,36.1498717],[127.0016026,36.1501671],[127.0017675,36.150222],[127.002128,36.1503438],[127.0021508,36.1503519],[127.0021801,36.150371],[127.0023036,36.1504527],[127.0025653,36.1506267],[127.0026589,36.1506886],[127.0028412,36.1508098],[127.0028903,36.1508427],[127.0029767,36.1508999],[127.0030463,36.1509466],[127.0030534,36.1509516],[127.0030581,36.1509544],[127.0032024,36.1510501],[127.0032616,36.1510893],[127.0034485,36.1512146],[127.0035476,36.15128],[127.003648,36.1513466],[127.0037115,36.1513902],[127.0038188,36.1514619],[127.0038514,36.1514845],[127.0039086,36.1515222],[127.003965,36.1515598],[127.00419,36.151709],[127.0042105,36.1517229],[127.0042701,36.1517623],[127.0042993,36.1517813],[127.0044207,36.1518622],[127.0046442,36.1520102],[127.0046813,36.1520353],[127.0047269,36.1520655],[127.0051573,36.1523542],[127.0053734,36.1524988],[127.0054141,36.1525256],[127.005451,36.1525529],[127.0056297,36.1526727],[127.0057338,36.1527409],[127.0059363,36.1528743],[127.0063191,36.1531254],[127.0061121,36.1531222],[127.0058289,36.1531175],[127.0055444,36.1531125],[127.0055173,36.1531117],[127.0053061,36.1531081],[127.005123,36.153104],[127.0045308,36.1530931],[127.0039435,36.1530815],[127.0039193,36.1530807],[127.0038157,36.1530784],[127.0035362,36.1530729],[127.0035073,36.1530721],[127.0033593,36.1530693],[127.0031029,36.153064],[127.0030676,36.1530635],[127.0028832,36.1530596],[127.0026328,36.1530539],[127.0024522,36.1530502],[127.0023633,36.1530483],[127.0022254,36.1530458],[127.0021181,36.1530436],[127.0020244,36.1530414],[127.0019127,36.1530394],[127.0016959,36.1530358],[127.0016026,36.1530366],[127.0013036,36.1530342],[127.0013097,36.1530784],[127.0013511,36.1533942],[127.0008781,36.1535985],[127.0004374,36.1537497],[127.0006983,36.154065],[127.0010596,36.1544973],[127.0012998,36.1548004],[127.001231,36.1548898],[127.0006487,36.155636],[127.0002909,36.1561573],[126.999883,36.1568441],[126.9996056,36.1573046],[126.9994046,36.1576528],[126.9992003,36.1580333],[126.9990077,36.158424],[126.9988572,36.1587655],[126.9987861,36.1589354],[126.9987042,36.1591411],[126.9985037,36.1597054],[126.9984902,36.1597616],[126.9983795,36.1601391],[126.998388,36.1603984],[126.9984564,36.1605612],[126.9985706,36.1607742],[126.9985736,36.1608153],[126.9988242,36.1611389],[126.998914,36.161253],[126.9991676,36.1615975],[126.9994425,36.1619826],[127.0000783,36.1628701],[127.0004692,36.163366],[127.0006102,36.1635755],[127.0013472,36.1645055],[127.0015969,36.1648202],[127.0016598,36.1648867],[127.0017847,36.1650266],[127.0018366,36.1650886],[127.0020125,36.1652905],[127.0022572,36.1655667],[127.0023082,36.1656252],[127.0023577,36.1656818],[127.0023824,36.1657092],[127.0024717,36.1658099],[127.0028125,36.1661955],[127.002977,36.1667118],[127.0030527,36.1669508],[127.0030636,36.1669705],[127.0031577,36.1672236],[127.0032324,36.1683112],[127.0033865,36.1705748],[127.0034849,36.1712452],[127.0032452,36.1717891],[127.0031342,36.1720377],[127.0029271,36.1725222],[127.0026837,36.1730742],[127.0025915,36.1733288],[127.0024725,36.1736425],[127.0023416,36.173986],[127.0022457,36.1741792],[127.0016022,36.1741792],[126.9990982,36.1777835],[126.99902,36.1779584],[126.9988992,36.1781882],[126.9987151,36.1784999],[126.9983839,36.178974],[126.9981322,36.1793106],[126.9978495,36.1796144],[126.9977697,36.1796852],[126.9975003,36.1798803],[126.9967367,36.1795082],[126.9960405,36.1790871],[126.9961019,36.1794773],[126.996155,36.1798184],[126.9962361,36.180278],[126.9962133,36.1810386],[126.9962066,36.1813878],[126.9961705,36.1814854],[126.9960888,36.1817102],[126.9960399,36.181847],[126.9959122,36.1819641],[126.9955312,36.1823142],[126.9952427,36.182571],[126.9952234,36.1825887],[126.9951935,36.1826202],[126.9951758,36.182631],[126.9951596,36.1826385],[126.9946768,36.1830036],[126.9943101,36.1832757],[126.9936046,36.1838099],[126.993297,36.1840728],[126.9927043,36.1845905],[126.9924449,36.1848172],[126.9921939,36.1850423],[126.9917645,36.1850463],[126.9915366,36.1850465],[126.9910349,36.185051],[126.9908392,36.1850535],[126.9904865,36.1850535],[126.9897331,36.1850493],[126.9894009,36.1850463],[126.9889909,36.1850492],[126.9884436,36.1850496],[126.9883469,36.1851315],[126.9881825,36.1853102],[126.9880377,36.1854286],[126.9885744,36.1855668],[126.9889759,36.1856788],[126.9896575,36.1858667],[126.9900448,36.1859779],[126.9889705,36.1869484],[126.9881821,36.1879344],[126.9877632,36.1885957],[126.9874692,36.189132],[126.9871835,36.189636],[126.9868811,36.1901743],[126.9867424,36.1904215],[126.9865058,36.1908452],[126.9863584,36.1911127],[126.9858506,36.1920423],[126.9857687,36.1921998],[126.985582,36.1927302],[126.9854253,36.1931869],[126.9852128,36.1937599],[126.9850888,36.1941061],[126.9849486,36.1944934],[126.9849266,36.1945435],[126.9843495,36.1954117],[126.9849264,36.1952638],[126.9855079,36.1953278],[126.9861881,36.1953434],[126.9863852,36.195352],[126.9870254,36.1953057],[126.9877301,36.1953174],[126.9884107,36.1953941],[126.9884608,36.195397],[126.9886228,36.1954355],[126.9890525,36.1955333],[126.9896162,36.1956565],[126.9900357,36.1958047],[126.9897596,36.1961112],[126.9894583,36.1963266],[126.9892049,36.1964616],[126.9890018,36.1965321],[126.9887566,36.1965972],[126.9885686,36.1966451],[126.9882126,36.1966895],[126.9877249,36.1967055],[126.9873845,36.1966687],[126.9872537,36.196653],[126.9870732,36.1966175],[126.9869569,36.1966003],[126.9865531,36.1965784],[126.9863822,36.1965659],[126.9860957,36.1965424],[126.9859034,36.1965456],[126.985794,36.1965823],[126.9857562,36.1966502],[126.9857762,36.1967248],[126.9858583,36.1968855],[126.986029,36.1972009],[126.9861153,36.1974564],[126.986226,36.1978945],[126.9862452,36.1980701],[126.986268,36.1984845],[126.9862525,36.198862],[126.9862428,36.1988816],[126.9862372,36.1991605],[126.986198,36.1994086],[126.9861938,36.1994262],[126.9861431,36.1995918],[126.9860193,36.1999741],[126.9859207,36.2001891],[126.9857979,36.2004094],[126.9857001,36.2005813],[126.9856524,36.2006623],[126.9854899,36.2009277],[126.9853233,36.2011858],[126.9852551,36.2012918],[126.9851342,36.2014816],[126.9850314,36.2016132],[126.9849002,36.2017948],[126.9848615,36.2018894],[126.9848506,36.2020623],[126.9848723,36.202133],[126.9849217,36.2021863],[126.9850926,36.202302],[126.9852372,36.2023883],[126.9854088,36.2024944],[126.9854759,36.2025476],[126.9857167,36.2027386],[126.9857781,36.2028856],[126.9858436,36.203117],[126.9858327,36.203153],[126.98572,36.2033315],[126.9850127,36.2043165],[126.9847196,36.2050038],[126.984523,36.20558],[126.9844622,36.205767],[126.984501,36.2059328],[126.9845294,36.2060443],[126.9845451,36.2063214],[126.9845712,36.206352],[126.9845932,36.2063495],[126.9845986,36.2063814],[126.9846314,36.2065457],[126.9847513,36.2065722],[126.984861,36.2065965],[126.985071,36.2065951],[126.9851841,36.2065964],[126.9852216,36.2065871],[126.9852508,36.20658],[126.9853712,36.2065164],[126.9854027,36.2064663],[126.9854486,36.2063848],[126.9853761,36.2062149],[126.9854362,36.2061984],[126.9854353,36.2061628],[126.9854342,36.2061234],[126.9854333,36.2060903],[126.9854198,36.206049],[126.9853793,36.2059101],[126.9853212,36.2057966],[126.9852718,36.2056537],[126.9852428,36.2055058],[126.9852573,36.2053267],[126.9854002,36.2051816],[126.9854592,36.2051229],[126.9876352,36.2045239],[126.9877016,36.2045336],[126.987742,36.2045474],[126.9877915,36.2045339],[126.9878022,36.20456],[126.9880624,36.2046409],[126.9881724,36.2047606],[126.9882286,36.2048991],[126.9882364,36.2050594],[126.9882019,36.205197],[126.9881627,36.2052928],[126.9881277,36.2053533],[126.9881416,36.2053871],[126.9881007,36.2053984],[126.9880739,36.2054445],[126.9880504,36.205485],[126.9879399,36.2055148],[126.9879743,36.2055959],[126.9877751,36.2058511],[126.9874943,36.2062148],[126.9874633,36.2062537],[126.9871517,36.2066419],[126.987164,36.2066716],[126.9871079,36.2066864],[126.9870665,36.2067324],[126.9870605,36.2067436],[126.9868746,36.2070434],[126.9868658,36.207063],[126.9868262,36.2071498],[126.9867268,36.2073855],[126.9866879,36.2074777],[126.9864805,36.2077514],[126.9865161,36.2078394],[126.9863912,36.2078728],[126.9863557,36.2079202],[126.9863403,36.2079446],[126.985269,36.2082337],[126.9853155,36.2083544],[126.9852446,36.2083966],[126.9851428,36.2084716],[126.9850804,36.2085423],[126.9850688,36.2085585],[126.9850176,36.2086424],[126.9849895,36.2087104],[126.9849102,36.2089232],[126.9848665,36.2091034],[126.9848332,36.209313],[126.9848225,36.2094331],[126.9848361,36.2101648],[126.9848701,36.2102369],[126.9849951,36.2103401],[126.98527,36.2104017],[126.9854713,36.2104166],[126.9856612,36.2103832],[126.9857324,36.2103715],[126.985902,36.2104147],[126.9859208,36.2104295],[126.986067,36.2104873],[126.9862354,36.2105864],[126.9863741,36.2107201],[126.9865643,36.2109895],[126.9866363,36.2112672],[126.9866839,36.2115044],[126.986759,36.2118185],[126.9868541,36.2120523],[126.9870047,36.2122864],[126.9871405,36.2124572],[126.987311,36.2125517],[126.9875531,36.2126212],[126.9877727,36.2126513],[126.9882709,36.2125788],[126.9887084,36.2125469],[126.9891334,36.2126327],[126.9895457,36.2127695],[126.9897477,36.2128068],[126.9899193,36.2128081],[126.9900892,36.2127759],[126.990249,36.2127257],[126.9904593,36.2125918],[126.9905502,36.2125466],[126.9905804,36.2124765],[126.9906248,36.2123993],[126.9906428,36.2123757],[126.9907002,36.2123073],[126.9907538,36.2122744],[126.9907977,36.2122591],[126.99083,36.2122485],[126.9908466,36.2122458],[126.9908941,36.212241],[126.9909172,36.2122393],[126.9909209,36.212239],[126.9910947,36.2122137],[126.9912184,36.2122023],[126.9912178,36.2121996],[126.9913245,36.212199],[126.9914146,36.2122127],[126.9915296,36.2122147],[126.9916299,36.212217],[126.9917304,36.2122188],[126.9917842,36.2122285],[126.9918364,36.2122427],[126.9919066,36.2122719],[126.9919443,36.2122988],[126.9920101,36.2123669],[126.9920368,36.2124102],[126.9920596,36.2124539],[126.9920883,36.2124669],[126.9921219,36.2124577],[126.9922133,36.2125649],[126.9922548,36.2126156],[126.9923009,36.2126904],[126.9923423,36.2128219],[126.9923052,36.2130227],[126.9922987,36.2130333],[126.9922751,36.2130716],[126.9922309,36.2131407],[126.9921823,36.2131942],[126.9922539,36.2133709],[126.9918351,36.213484],[126.9914169,36.2135967],[126.9909872,36.2137107],[126.9908201,36.213757],[126.9906657,36.2137983],[126.9905582,36.2138793],[126.990374,36.2139298],[126.9905598,36.2143645],[126.9906914,36.2145105],[126.9907515,36.2145555],[126.9908259,36.2146119],[126.9909065,36.2146473],[126.9909408,36.2147266],[126.9910506,36.2146972],[126.9911238,36.2147177],[126.9916852,36.2145643],[126.9917172,36.2145409],[126.9917349,36.2145167],[126.9917895,36.2145017],[126.9917737,36.2144655],[126.9917979,36.2144333],[126.9918352,36.2142847],[126.9918646,36.2141262],[126.9918811,36.2140855],[126.9919201,36.2140117],[126.9920081,36.2138938],[126.9920577,36.2138238],[126.9922157,36.2137312],[126.9923693,36.2136462],[126.9924778,36.2135985],[126.9926418,36.2135733],[126.9926718,36.2135753],[126.9928079,36.2135841],[126.9928444,36.2135992],[126.9929763,36.2136455],[126.9930935,36.2136886],[126.993271,36.2137781],[126.9933679,36.2138223],[126.9935166,36.2139807],[126.9935927,36.2140808],[126.9936524,36.2141571],[126.9937133,36.2143269],[126.9937116,36.2145304],[126.9937351,36.2146153],[126.9937187,36.2147325],[126.9937082,36.2148077],[126.9937064,36.2149198],[126.9937058,36.2149587],[126.9937162,36.2149964],[126.9937205,36.215034],[126.993739,36.2151227],[126.9937696,36.2152211],[126.9938472,36.2153364],[126.9939792,36.2154752],[126.9940929,36.2155652],[126.9941546,36.2156112],[126.9943592,36.2157233],[126.9944825,36.2157934],[126.9945401,36.21578],[126.9945711,36.215818],[126.9945843,36.2158325],[126.9946043,36.2158546],[126.9947618,36.2159133],[126.9948882,36.2159836],[126.9950616,36.2161682],[126.995183,36.216516],[126.9952763,36.2166227],[126.9952307,36.2166371],[126.9952709,36.2167805],[126.9953161,36.2168683],[126.9954088,36.2169962],[126.9954732,36.2170484],[126.9956457,36.2171143],[126.9957383,36.2171183],[126.9958287,36.2171227],[126.9960241,36.2171213],[126.9961684,36.2170858],[126.9962294,36.2170857],[126.9967937,36.2172465],[126.9971319,36.2173305],[126.9974633,36.2174127],[126.9976791,36.2176322],[126.9977241,36.2176439],[126.9983005,36.2177936],[126.998373,36.2178124],[126.9984635,36.217836],[126.9984724,36.21786],[126.9988088,36.2178345],[126.9989141,36.2178304],[126.9990987,36.2178537],[126.9993132,36.2179022],[126.999419,36.2179457],[126.9997651,36.2180664],[126.9999884,36.2181462],[127.0002023,36.2181847],[127.0004345,36.218207],[127.0006941,36.2182271],[127.0008155,36.2182624],[127.0009012,36.2183477],[127.00115,36.2183945],[127.0014898,36.2184607],[127.0015477,36.21847],[127.001866,36.2185098],[127.0019315,36.2183628],[127.0020292,36.2180242],[127.0021113,36.2179518],[127.0023434,36.2178026],[127.0025697,36.2177105],[127.0026994,36.217733],[127.0027883,36.2177657],[127.0028023,36.2177716],[127.002912,36.2178177],[127.0030318,36.2179012],[127.0031842,36.2180072],[127.0032203,36.2180162],[127.0033277,36.218043],[127.0037779,36.2181092],[127.0038235,36.218099],[127.0038627,36.2180903],[127.00424,36.218006],[127.004537,36.2180188],[127.0045507,36.218022],[127.0047381,36.2180665],[127.0048614,36.2181375],[127.005057,36.2182122],[127.004756,36.2173037],[127.0046516,36.2173516],[127.0046518,36.2173227],[127.0046776,36.2172132],[127.0047299,36.2171291],[127.0048662,36.2169597],[127.0051253,36.2165899],[127.0052436,36.2163762],[127.0052132,36.2163684],[127.0051696,36.2163766],[127.0051512,36.2163028],[127.0050862,36.2162113],[127.0049936,36.2161365],[127.004836,36.2160663],[127.0046824,36.215975],[127.0046551,36.2158798],[127.0047213,36.215805],[127.0047893,36.2157675],[127.0051678,36.215623],[127.005368,36.2155791],[127.0053605,36.2155564],[127.0053916,36.2155466],[127.0054304,36.2155345],[127.0055183,36.2155071],[127.0058087,36.2154302],[127.005959,36.2154045],[127.0060615,36.2153368],[127.0063381,36.2151755],[127.0065748,36.2150654],[127.0067468,36.2149938],[127.0069315,36.2149282],[127.0070098,36.2148951],[127.0069982,36.2148726],[127.0068622,36.2146008],[127.0066184,36.2141351],[127.0065936,36.2140455],[127.0065732,36.2139077],[127.006613,36.2137977],[127.006709,36.2137802],[127.006834,36.2136465],[127.0068802,36.2135694],[127.0068709,36.2135575],[127.0068739,36.2134942],[127.0069782,36.213419],[127.0069023,36.2133194],[127.0068249,36.2132726],[127.006739,36.2131025],[127.0067335,36.212924],[127.0067249,36.2126217],[127.00699,36.2126265],[127.0070962,36.2126093],[127.0071625,36.2125732],[127.0071318,36.2124797],[127.0075776,36.2123106],[127.007681,36.2122683],[127.0076901,36.2122285],[127.0079437,36.2121681],[127.0080636,36.2122019],[127.0083229,36.2122773],[127.008641,36.2123828],[127.0088818,36.2124621],[127.0090064,36.2125008],[127.0092645,36.2125842],[127.0095971,36.2126503],[127.0098484,36.2126954],[127.0100298,36.2127262],[127.0101273,36.2127397],[127.0101679,36.2127342],[127.0102028,36.2127276],[127.0102511,36.2127177],[127.0103605,36.2125852],[127.0104812,36.2122334],[127.0106151,36.2121647],[127.0108132,36.212129],[127.010877,36.2121528],[127.0110848,36.2122316],[127.011141,36.2123216],[127.0111572,36.2123835],[127.0111784,36.2124788],[127.0111302,36.2127113],[127.0110752,36.2127813],[127.0110509,36.2127966],[127.0110069,36.2128258],[127.0109154,36.2128857],[127.0108233,36.2129288],[127.0107275,36.2129743],[127.0107105,36.2129808],[127.0106502,36.2130432],[127.0106291,36.2130997],[127.0105843,36.2132243],[127.0105786,36.2132382],[127.0105725,36.2132618],[127.0105823,36.2133059],[127.0105913,36.2133413],[127.0106397,36.2135659],[127.0106707,36.2137175],[127.0106935,36.2138269],[127.0106276,36.2139959],[127.010668,36.2141917],[127.0107832,36.2143608],[127.0108083,36.2143854],[127.0108461,36.2144165],[127.0107713,36.2144241],[127.0107339,36.2144279],[127.0107026,36.2144311],[127.0106689,36.2144775],[127.01069,36.2144882],[127.0106893,36.2145467],[127.0108469,36.2146303],[127.0109961,36.2148293],[127.0110554,36.2148757],[127.0110783,36.2149193],[127.0111107,36.2149857],[127.0112081,36.2150788],[127.0114243,36.2152911],[127.0114537,36.2153024],[127.0115264,36.2152831],[127.0131171,36.2142298],[127.0131605,36.2141692],[127.0132642,36.2140247],[127.0127975,36.2139441],[127.0125896,36.2139155],[127.0123726,36.2139021],[127.0123143,36.2139048],[127.0122395,36.2138275],[127.0122197,36.2138016],[127.0121823,36.2137108],[127.012306,36.2136119],[127.0123167,36.2136041],[127.0123451,36.2135823],[127.0123675,36.2135783],[127.0124849,36.213562],[127.0125985,36.2135459],[127.0126775,36.2135348],[127.0127212,36.2135261],[127.012828,36.2135597],[127.0130976,36.2136466],[127.0132475,36.2136771],[127.0135159,36.2137308],[127.0138169,36.2137617],[127.0140675,36.2137871],[127.0143968,36.2137915],[127.0146355,36.2137944],[127.0148356,36.2138099],[127.0152465,36.2138423],[127.0154072,36.2139029],[127.0155384,36.2140654],[127.0156136,36.2143807],[127.0158652,36.2146726],[127.0159178,36.2149925],[127.0159248,36.2150389],[127.0159894,36.2151087],[127.0160595,36.215123],[127.0161982,36.2151512],[127.016411,36.2152068],[127.0164891,36.2152218],[127.0167729,36.215277],[127.0169394,36.2154189],[127.017071,36.2155313],[127.0172758,36.2159017],[127.0173655,36.2160258],[127.0175663,36.216232],[127.017714,36.216383],[127.0177901,36.2164044],[127.0180396,36.2164739],[127.0181109,36.2165463],[127.0181916,36.2167092],[127.0181991,36.2167719],[127.0182254,36.2170178],[127.0182691,36.217053],[127.0182817,36.2170694],[127.0185687,36.2174305],[127.0185861,36.2174612],[127.0189435,36.217559],[127.0191778,36.2176401],[127.0193182,36.2177383],[127.0194084,36.2178319],[127.0198187,36.2181557],[127.0200659,36.2185504],[127.0205122,36.2189647],[127.0207681,36.2192039],[127.0208783,36.2193015],[127.0209918,36.2193974],[127.0211458,36.2196424],[127.021409,36.2200582],[127.0216975,36.2203217],[127.0219585,36.2205577],[127.0222501,36.2206915],[127.0224293,36.220721],[127.0232256,36.2207119],[127.0238428,36.2209469],[127.0243186,36.2211492],[127.0245429,36.2212808],[127.0248588,36.2214951],[127.0249506,36.2216316],[127.0249006,36.2219056],[127.0249365,36.2219944],[127.0249967,36.2220787],[127.025112,36.2221642],[127.0251991,36.2221774],[127.0253146,36.2225133],[127.0254313,36.2227891],[127.025594,36.2230522],[127.0257648,36.2234146],[127.0258478,36.2237023],[127.0258706,36.2237797],[127.0259017,36.2239203],[127.0259411,36.2241019],[127.0261717,36.224323],[127.0263837,36.2246379],[127.0267113,36.2251725],[127.026808,36.2254584],[127.0268222,36.2257471],[127.0268851,36.2262328],[127.0269523,36.2264321],[127.0272721,36.226744],[127.0276138,36.2271058],[127.0277724,36.2273513],[127.0278141,36.2276092],[127.0277284,36.2278192],[127.0276005,36.2279654],[127.0274866,36.228242],[127.0274662,36.228432],[127.0274714,36.2287101],[127.0274732,36.2288226],[127.0274753,36.2290365],[127.027515,36.2291056],[127.0275377,36.2291474],[127.0275529,36.2291747],[127.0276647,36.2293788],[127.0279821,36.229449],[127.0281023,36.2295048],[127.0281483,36.229608],[127.0281601,36.2296509],[127.0281857,36.2298275],[127.0282179,36.2300665],[127.0282371,36.2302117],[127.0282905,36.2305728],[127.0282593,36.2307513],[127.0281229,36.2314956],[127.0281537,36.2315467],[127.0282995,36.2317136],[127.028462,36.2318462],[127.0287034,36.2320472],[127.028859,36.2321659],[127.0289419,36.2322915],[127.0291441,36.2326023],[127.0294009,36.2329905],[127.0296113,36.2330738],[127.0299602,36.2332964],[127.0302481,36.2335],[127.0305025,36.2337391],[127.0307314,36.2340208],[127.0308021,36.234147],[127.0308165,36.2344094],[127.0308543,36.2346277],[127.0309389,36.2347878],[127.0313149,36.2351257],[127.0313627,36.2352351],[127.0313608,36.2354499],[127.0313164,36.2355581],[127.0312626,36.235706],[127.0312354,36.2358273],[127.0312198,36.2359041],[127.0312189,36.2359403],[127.0312145,36.2362467],[127.0311742,36.2364236],[127.031176,36.2365369],[127.0312677,36.2367112],[127.0314062,36.2368408],[127.0317308,36.2369696],[127.0317996,36.2370081],[127.0321448,36.2371913],[127.0321726,36.2372059],[127.0323344,36.237267],[127.0325521,36.2373453],[127.032807,36.2374673],[127.0329124,36.2375158],[127.0330644,36.2376105],[127.0330872,36.2376453],[127.0332246,36.2378541],[127.0332781,36.2379521],[127.0332995,36.2379882],[127.0334109,36.2381915],[127.0334402,36.238245],[127.0334761,36.2383082],[127.0334043,36.2383553],[127.0333602,36.2383936],[127.0333627,36.23841],[127.033502,36.2386059],[127.0336522,36.2387794],[127.0337669,36.2388828],[127.0338519,36.2389588],[127.033965,36.2390535],[127.0340252,36.2391206],[127.0341542,36.2392053],[127.034629,36.2393638],[127.0347275,36.2394453],[127.0347856,36.2395718],[127.0347857,36.2396863],[127.034728,36.239906],[127.0346425,36.2400164],[127.0344061,36.2401335],[127.034358,36.2401975],[127.0343361,36.2402589],[127.0343654,36.2403312],[127.0343864,36.2403479],[127.0346465,36.2405172],[127.034774,36.2405974],[127.0349715,36.2407026],[127.035366,36.24091],[127.0355116,36.240981],[127.0357091,36.2410579],[127.0359479,36.2411201],[127.0361605,36.2411636],[127.0362553,36.2411923],[127.0363372,36.2412429],[127.036355,36.2413392],[127.0363067,36.2416991],[127.0363293,36.2417856],[127.036348,36.2418245],[127.0363825,36.2418529],[127.036468,36.2418729],[127.0368138,36.2418483],[127.0369072,36.2418787],[127.0371741,36.2420149],[127.0373211,36.2420887],[127.0374499,36.2420955],[127.0375245,36.242027],[127.0377099,36.2417082],[127.037807,36.2417163],[127.037965,36.2417832],[127.0381981,36.2419682],[127.0384129,36.2421364],[127.0385054,36.242183],[127.0389276,36.2423466],[127.0392208,36.2425755],[127.0394471,36.2426133],[127.0395557,36.2426563],[127.0395849,36.242686],[127.0396674,36.2429317],[127.0397795,36.2432488],[127.0398383,36.2433033],[127.0400607,36.2433779],[127.0401922,36.2434459],[127.0404724,36.2437463],[127.0405347,36.243851],[127.04062,36.2440419],[127.0408003,36.2443334],[127.0409824,36.2445303],[127.0410633,36.2446902],[127.0410741,36.244808],[127.0410231,36.2449584],[127.04083,36.2451799],[127.0408362,36.2452388],[127.0408823,36.2452737],[127.0409564,36.2453192],[127.0411141,36.2453804],[127.0413075,36.2454944],[127.0413868,36.2455552],[127.0414255,36.2456225],[127.041505,36.2459109],[127.0415151,36.2460489],[127.0414527,36.24626],[127.0413533,36.246307],[127.0412186,36.2464139],[127.0409377,36.2465495],[127.0408158,36.2466507],[127.0407827,36.2467354],[127.0407614,36.2468453],[127.0407817,36.2469568],[127.040875,36.2471648],[127.040986,36.2473513],[127.0410973,36.2475666],[127.0411757,36.2477187],[127.0412425,36.2478391],[127.0412557,36.2480504],[127.0412682,36.2482908],[127.0412825,36.2484809],[127.0412298,36.2485433],[127.0410265,36.2485786],[127.0408362,36.2486152],[127.0407522,36.2486591],[127.0406994,36.2487061],[127.0406741,36.2488077],[127.0406873,36.2488665],[127.0407114,36.2489347],[127.0407552,36.2490162],[127.0408396,36.2490735],[127.041052,36.2491714],[127.0412817,36.2492582],[127.0414648,36.2493553],[127.0416291,36.2494922],[127.0417151,36.2495615],[127.0418554,36.2496795],[127.0419756,36.2497591],[127.0423831,36.249864],[127.0425921,36.2499268],[127.0430851,36.2499618],[127.0432665,36.2500141],[127.0434086,36.250095],[127.0436718,36.2502827],[127.0440107,36.2506003],[127.0444956,36.2510553],[127.0447073,36.2512258],[127.0448703,36.2512945],[127.0450378,36.2513301],[127.0451768,36.2513346],[127.0454518,36.2512482],[127.0457648,36.2511832],[127.045909,36.2511767],[127.0461007,36.2511952],[127.0463154,36.2512941],[127.046396,36.251338],[127.0466907,36.2515242],[127.0467253,36.2515302],[127.0468956,36.2515414],[127.0470392,36.2515414],[127.0473252,36.2515062],[127.0476319,36.2514429],[127.0478516,36.2514183],[127.0479248,36.2514209],[127.048042,36.251452],[127.0481626,36.2515039],[127.0483697,36.2516284],[127.0484566,36.2516801],[127.0487487,36.2518487],[127.0489113,36.2519247],[127.0490679,36.252013],[127.0495098,36.2522466],[127.0503821,36.252711],[127.0504258,36.2527298],[127.0504946,36.2527483],[127.0506061,36.252759],[127.0507031,36.2527643],[127.0509877,36.2528051],[127.0512995,36.2528029],[127.0516642,36.2527866],[127.0520123,36.2528379],[127.0520853,36.2528522],[127.0522158,36.2529003],[127.0524207,36.2530129],[127.0524467,36.2530322],[127.0526339,36.253204],[127.0528712,36.2534196],[127.0529097,36.2534644],[127.0530532,36.2534644],[127.0536212,36.2537956],[127.053256,36.2540849],[127.0532911,36.2541794],[127.0533106,36.2542476],[127.0534334,36.2546823],[127.0534695,36.2547465],[127.053614,36.254919],[127.0537286,36.2550589],[127.0538539,36.2552393],[127.0539979,36.2554656],[127.0540435,36.2555553],[127.0540576,36.2556129],[127.0540595,36.2556888],[127.0540329,36.2559031],[127.0540548,36.2560483],[127.0540869,36.2561461],[127.0541431,36.2562201],[127.0543116,36.2563529],[127.054494,36.2564032],[127.0545694,36.2564803],[127.0546348,36.2565252],[127.0546707,36.2565495],[127.0547747,36.2566192],[127.0548476,36.2566481],[127.0548829,36.2566616],[127.0549555,36.2566911],[127.055064,36.2567342],[127.0551714,36.256778],[127.0552916,36.2568268],[127.0553778,36.2568608],[127.0554977,36.2569231],[127.055626,36.2569887],[127.0557097,36.2570312],[127.055779,36.2570675],[127.0561677,36.2570673],[127.0562112,36.2570913],[127.0568506,36.257299],[127.0572145,36.2574343],[127.05723,36.2574334],[127.0577248,36.2573936],[127.0579938,36.2573901],[127.0581043,36.2574129],[127.0584237,36.2574349],[127.0588087,36.257495],[127.059034,36.2576357],[127.0593638,36.2577222],[127.0595384,36.2577672],[127.0599112,36.2578086],[127.0602605,36.2578485],[127.0607046,36.2579329],[127.0612209,36.2580342],[127.0616492,36.25815],[127.0618123,36.2581828],[127.0621562,36.2581281],[127.0624465,36.2581743],[127.0627935,36.2582273],[127.0631146,36.2583036],[127.0632979,36.2583162],[127.0637231,36.2582871],[127.0643017,36.2582458],[127.0646469,36.258267],[127.0650622,36.2584124],[127.0651237,36.2585494],[127.0652804,36.2589326],[127.0653594,36.2592445],[127.0655838,36.2596075],[127.065686,36.2598451],[127.0656911,36.2600061],[127.0656449,36.2602937],[127.0656875,36.2604479],[127.065862,36.2606669],[127.06597,36.2607666],[127.066087,36.2608682],[127.066168,36.2609838],[127.0662746,36.2612013],[127.0664844,36.261369],[127.0665428,36.2614466],[127.0666276,36.2616288],[127.0666527,36.2618612],[127.0666952,36.2619177],[127.0670402,36.2621017],[127.0671387,36.2621885],[127.0673383,36.262446],[127.0674698,36.262559],[127.0677765,36.2627657],[127.0679599,36.2629536],[127.0680027,36.2630406],[127.0680517,36.2632105],[127.0680746,36.2633436],[127.0681313,36.2634631],[127.0681995,36.2635624],[127.068361,36.2637222],[127.0683612,36.2638522],[127.0683793,36.2638661],[127.068403,36.2639764],[127.0684836,36.2640701],[127.0685984,36.2642698],[127.06865,36.2643793],[127.0686809,36.2645452],[127.0686501,36.2646628],[127.0686319,36.2647319],[127.0686886,36.2647534],[127.0687913,36.2647851],[127.0687999,36.26477],[127.0689169,36.2647774],[127.0689627,36.2648991],[127.0690531,36.265088],[127.0691564,36.2652614],[127.0696258,36.2658111],[127.0699086,36.2661443],[127.0698282,36.2666511],[127.0694887,36.2670455],[127.06941,36.2674355],[127.0691066,36.2678738],[127.0690311,36.2681126],[127.0689841,36.2682726],[127.0690116,36.2683619],[127.0690621,36.2684309],[127.0691441,36.2684832],[127.069367,36.2685827],[127.069572,36.2687249],[127.0698045,36.2688873],[127.0699204,36.2689678],[127.0699956,36.2690297],[127.0701528,36.2692148],[127.0701895,36.2693309],[127.070181,36.2694122],[127.0701029,36.2695566],[127.06999,36.2697646],[127.0699754,36.2698523],[127.0699917,36.2699129],[127.0700213,36.2699652],[127.0703962,36.2702342],[127.0705909,36.2703749],[127.0706349,36.2707399],[127.0706812,36.2711351],[127.0707265,36.2714772],[127.0707902,36.2716897],[127.0708554,36.271929],[127.0709955,36.2724348],[127.0710521,36.2726428],[127.071109,36.2728495],[127.0710277,36.2730998],[127.0709592,36.2733076],[127.0710308,36.2735455],[127.0710476,36.2736898],[127.0710784,36.2739495],[127.0709487,36.2740992],[127.0709157,36.2741674],[127.070859,36.2742821],[127.0708397,36.2743799],[127.0708484,36.2744614],[127.0708573,36.2745364],[127.0709211,36.2746923],[127.0709047,36.2747468],[127.070721,36.2748176],[127.0705464,36.2748489],[127.0704261,36.2748747],[127.0702332,36.2749147],[127.0700719,36.2749488],[127.069878,36.2749456],[127.0696878,36.2749429],[127.0695679,36.2749406],[127.0694307,36.2749555],[127.0692048,36.2749809],[127.0691583,36.2749859],[127.0690795,36.2750061],[127.0689916,36.2750283],[127.0688714,36.2750826],[127.0685969,36.2752124],[127.0685456,36.2752749],[127.0685457,36.2753745],[127.0685605,36.2754579],[127.0685965,36.2755209],[127.0686367,36.2755723],[127.068704,36.2756432],[127.068735,36.2757011],[127.0687472,36.2758137],[127.0685723,36.2763169],[127.0685149,36.2764178],[127.0684673,36.2764849],[127.0683719,36.2766692],[127.0683241,36.2767669],[127.0682515,36.276919],[127.0680946,36.2772544],[127.0679588,36.2774479],[127.0678244,36.2775854],[127.0677327,36.2776781],[127.067507,36.2778615],[127.0673305,36.2780062],[127.0671963,36.2782207],[127.0670992,36.2784993],[127.0670884,36.2786879],[127.0670304,36.2788529],[127.0669552,36.2790678],[127.0669154,36.2791834],[127.0666594,36.2796002],[127.0662659,36.2795181],[127.0661938,36.2795145],[127.0661376,36.2795183],[127.0661356,36.2795469],[127.0643895,36.2797987],[127.0643873,36.2798104],[127.0643852,36.2798216],[127.0644314,36.2798823],[127.0643899,36.2798878],[127.0642453,36.2799123],[127.0641578,36.2799336],[127.064154,36.2799341],[127.0637503,36.2799863],[127.0636945,36.2799939],[127.06359,36.2799917],[127.0635298,36.2799894],[127.0634342,36.2799859],[127.0633836,36.2799928],[127.0633835,36.2799857],[127.063388,36.2799403],[127.0617727,36.28018],[127.0613166,36.2802691],[127.0611375,36.280227],[127.0609639,36.2802511],[127.0609647,36.2802364],[127.0607803,36.2802515],[127.060594,36.2802456],[127.0603899,36.2802444],[127.060311,36.2802292],[127.0601149,36.2801947],[127.0600317,36.28019],[127.059913,36.280188],[127.0597987,36.2801729],[127.0597044,36.2801312],[127.0596625,36.2801209],[127.0596195,36.2801116],[127.0595558,36.2801147],[127.0595089,36.2801169],[127.0594156,36.2801364],[127.0593944,36.2801408],[127.0593082,36.2801816],[127.0591888,36.2802382],[127.0589206,36.2803133],[127.0587419,36.2803654],[127.0586043,36.2803953],[127.0585295,36.280432],[127.0583888,36.2804765],[127.058335,36.2804876],[127.0581735,36.280505],[127.0580882,36.2805081],[127.057935,36.2805111],[127.0578215,36.2805151],[127.0576042,36.2805191],[127.0572459,36.2804628],[127.0571291,36.2804484],[127.0569731,36.2804274],[127.0567362,36.2804656],[127.0566891,36.280487],[127.0564622,36.2805747],[127.0563488,36.2806185],[127.0560562,36.2807347],[127.055839,36.2808598],[127.0556135,36.2809911],[127.0555431,36.2809769],[127.0554887,36.2809821],[127.0553586,36.2809964],[127.0552569,36.2810046],[127.0552203,36.2810031],[127.0550097,36.2809942],[127.0550534,36.2809518],[127.0550938,36.2808403],[127.0550619,36.2808184],[127.055036,36.2808385],[127.0550218,36.2809031],[127.0550018,36.2809379],[127.0549634,36.2809608],[127.0549285,36.2809625],[127.0548442,36.2809628],[127.0547276,36.2809868],[127.0546766,36.2809846],[127.0544762,36.2810261],[127.0543268,36.2810103],[127.0542394,36.2810114],[127.0541448,36.2810257],[127.0540741,36.2810408],[127.0539337,36.2810848],[127.0538018,36.2811141],[127.0536497,36.2811568],[127.0534247,36.2812333],[127.0532549,36.2812813],[127.0531128,36.2813506],[127.0529263,36.28145],[127.0527026,36.2815975],[127.0526199,36.2816626],[127.0525723,36.2817046],[127.0525351,36.2817397],[127.0523004,36.2818741],[127.0521221,36.2819342],[127.0520221,36.2820042],[127.0519216,36.2820859],[127.0518592,36.2821412],[127.0516825,36.2822539],[127.0515722,36.2822995],[127.051508,36.2822995],[127.0513988,36.2823455],[127.0512598,36.2824013],[127.0511306,36.2824511],[127.0510179,36.2824932],[127.0509204,36.2825194],[127.0508214,36.2825448],[127.0507114,36.282562],[127.0506651,36.282569],[127.0506007,36.282577],[127.0505424,36.2825792],[127.050442,36.2825838],[127.0503395,36.2825841],[127.0502854,36.282588],[127.0502191,36.2825852],[127.0501621,36.2825795],[127.0501317,36.2825747],[127.0500874,36.2825642],[127.0499528,36.2825349],[127.0499075,36.2825353],[127.0498559,36.2825372],[127.0497478,36.2825401],[127.0496787,36.2825437],[127.0496218,36.2825498],[127.0495675,36.2825559],[127.0495198,36.2825639],[127.0493772,36.2825884],[127.049256,36.2826085],[127.0491373,36.2826263],[127.0490905,36.2826292],[127.0490244,36.2826316],[127.0489896,36.2826282],[127.048882,36.2826195],[127.0487477,36.2826094],[127.0487074,36.2826042],[127.0486311,36.2825903],[127.048381,36.2826885],[127.0481756,36.2827467],[127.0478561,36.2828277],[127.0475415,36.2829437],[127.0474516,36.2829454],[127.0473577,36.2829629],[127.0472477,36.2829997],[127.0471658,36.2830324],[127.046967,36.2831276],[127.0468002,36.2831942],[127.0466039,36.2832668],[127.0465446,36.2832911],[127.0463495,36.2833834],[127.0462636,36.2834038],[127.0459218,36.2835438],[127.0454642,36.2836198],[127.0452931,36.2836648],[127.0450578,36.2837527],[127.0448723,36.2837928],[127.04475,36.2838699],[127.0446569,36.2839162],[127.0442986,36.2840966],[127.044056,36.2841951],[127.0436231,36.2844476],[127.0434676,36.2845953],[127.0433943,36.2847253],[127.0433196,36.2847794],[127.0432006,36.2848086],[127.0430638,36.2848337],[127.0427295,36.2849502],[127.0426783,36.2849444],[127.0423888,36.2850245],[127.0421395,36.2850763],[127.0419097,36.2851172],[127.0416966,36.2851325],[127.0415975,36.2851533],[127.0414036,36.2852349],[127.0413316,36.2852826],[127.0412451,36.2853471],[127.041187,36.2854157],[127.0409682,36.2855952],[127.0408935,36.2856595],[127.0407962,36.285751],[127.0407295,36.2857696],[127.0406216,36.2857873],[127.0405122,36.2858027],[127.0403253,36.2858641],[127.0401832,36.2859097],[127.040008,36.2859346],[127.039858,36.285946],[127.0396803,36.2859335],[127.039356,36.285767],[127.039183,36.2857017],[127.0390973,36.2856532],[127.0390621,36.2856115],[127.0389623,36.2855516],[127.0386514,36.2854815],[127.0384786,36.2854446],[127.0383346,36.2854117],[127.0381362,36.2854153],[127.0380162,36.285409],[127.0378932,36.2853596],[127.0376918,36.2852773],[127.0375971,36.2852389],[127.0375345,36.2852184],[127.0375113,36.2852108],[127.0374549,36.2852004],[127.0373157,36.2852021],[127.0371667,36.2852022],[127.0369779,36.2852001],[127.0368811,36.2851989],[127.0368686,36.2851987],[127.0366914,36.2852088],[127.0366426,36.2852116],[127.0365961,36.2851975],[127.03643,36.2851473],[127.0364222,36.285145],[127.0362774,36.285066],[127.0362749,36.2850174],[127.0362965,36.2847132],[127.0362571,36.2845742],[127.036238,36.2843793],[127.0362242,36.2842301],[127.0362617,36.283851],[127.0362717,36.2837372],[127.036104,36.2836336],[127.03577,36.2836284],[127.0355239,36.2836762],[127.0354137,36.2837065],[127.0352813,36.2837096],[127.035187,36.2836068],[127.035085,36.2835111],[127.0349424,36.2833969],[127.0347261,36.283214],[127.0346142,36.2833677],[127.0343683,36.2837575],[127.0338425,36.2836898],[127.033622,36.2837372],[127.0334456,36.2837752],[127.0331524,36.2840339],[127.032875,36.2840105],[127.0322715,36.2836916],[127.0321306,36.2836659],[127.0319344,36.2836258],[127.0318248,36.2836152],[127.0317157,36.2835815],[127.0314321,36.2835696],[127.0313085,36.2835804],[127.0312276,36.2836013],[127.0309644,36.2837717],[127.0306629,36.2840302],[127.0305121,36.2841097],[127.0304233,36.2841597],[127.0303937,36.2841961],[127.0301646,36.2842807],[127.0298515,36.2843939],[127.0296872,36.284424],[127.0296128,36.2844377],[127.0294167,36.2843922],[127.0293102,36.2843547],[127.0292803,36.2843117],[127.029195,36.2843336],[127.0290354,36.2842755],[127.0291342,36.2842437],[127.0289133,36.284178],[127.0288687,36.2841809],[127.0288209,36.284184],[127.0288204,36.2842079],[127.0287018,36.2842945],[127.0286318,36.2843137],[127.0285741,36.2842804],[127.028509,36.2842856],[127.0284669,36.2842674],[127.0284218,36.2842762],[127.0283482,36.2844278],[127.0282377,36.2846094],[127.0281299,36.284878],[127.0280843,36.2851162],[127.0280909,36.2851508],[127.0281027,36.2853016],[127.0280794,36.2856168],[127.0280313,36.2856883],[127.0279377,36.2857234],[127.027806,36.2857401],[127.027725,36.2857308],[127.0276793,36.2857334],[127.0276527,36.285754],[127.0275973,36.2857664],[127.0275722,36.2857752],[127.0275728,36.2858154],[127.0275202,36.2858616],[127.0274779,36.2859073],[127.0274119,36.2859635],[127.0272218,36.285989],[127.0271948,36.2860569],[127.0271951,36.2860591],[127.0271446,36.2860854],[127.0270615,36.2861751],[127.0270006,36.2862126],[127.027016,36.2862483],[127.0269968,36.2862754],[127.0269224,36.286293],[127.026865,36.2862718],[127.0268214,36.2862411],[127.0264844,36.2864505],[127.026115,36.2866819],[127.025977,36.286996],[127.025466,36.2873291],[127.0253012,36.2876143],[127.0247211,36.2882578],[127.0242349,36.2889143],[127.0239871,36.2891698],[127.0239667,36.2894959],[127.0239204,36.2898095],[127.0235727,36.2899519],[127.0235549,36.2899684],[127.0229702,36.2905067],[127.0224504,36.2907581],[127.0217882,36.2910926],[127.0215185,36.2911496],[127.0213996,36.2911667],[127.0214714,36.2913996],[127.0213675,36.2915025],[127.0212888,36.2915639],[127.0210937,36.2915513],[127.0211496,36.2918811],[127.0206963,36.2921923],[127.0205264,36.2922155],[127.0204975,36.2921923],[127.020025,36.2919182],[127.0198038,36.2921957],[127.0199622,36.2925945],[127.0194892,36.2928323],[127.0192918,36.2927532],[127.0190665,36.292975],[127.0190166,36.2932523],[127.0189768,36.2934685],[127.0182831,36.2936138],[127.0178211,36.2934372],[127.0174898,36.2935298],[127.0174712,36.293535],[127.0171898,36.2935613],[127.0171325,36.2935611],[127.017079,36.2936785],[127.0169955,36.2938835],[127.0169544,36.2939631],[127.0167653,36.2942042],[127.0164988,36.294554],[127.01645,36.2946204],[127.0164468,36.2949109],[127.0163193,36.2953217],[127.0168331,36.2957038],[127.0171107,36.2967306],[127.0162677,36.2972858],[127.0158569,36.2977189],[127.015753,36.2978958],[127.0152795,36.2992692],[127.0152545,36.2993121],[127.0146729,36.2994385],[127.0144131,36.2994089],[127.0141895,36.2989085],[127.0136569,36.2988609],[127.0133384,36.2983254],[127.0130729,36.298167],[127.0127048,36.2978457],[127.0127204,36.29782],[127.0125439,36.2978598],[127.0123579,36.2978457],[127.0118197,36.2979216],[127.0115674,36.2980501],[127.0110936,36.2981033],[127.0105362,36.2980436],[127.0099532,36.2986693],[127.0096385,36.2987045],[127.0092336,36.2991995],[127.0089075,36.299706],[127.0086384,36.2998698],[127.0080261,36.2999595],[127.0077308,36.3000617],[127.0075171,36.3000867],[127.0072337,36.3002856],[127.0070202,36.3002784],[127.0065509,36.3000673],[127.00582,36.3001353],[127.0055547,36.3001931],[127.0052099,36.3001925],[127.0046374,36.3006484],[127.0044901,36.3007537],[127.003975,36.300343],[127.0034953,36.300202],[127.0030739,36.2998014],[127.0026166,36.2994903],[127.0021703,36.2993716],[127.0019459,36.2995481],[127.0011505,36.2989366],[126.999319,36.299631],[126.9979652,36.299835],[126.9963833,36.299999],[126.9965123,36.3002818],[126.9960339,36.3006349],[126.9958026,36.3007974],[126.9939413,36.3014874],[126.9934956,36.3026117],[126.9934435,36.3026708],[126.9930983,36.3030442],[126.9929941,36.3032848],[126.9922735,36.3033018],[126.9921896,36.3037099],[126.9921857,36.3038697],[126.9922632,36.3041132],[126.9925762,36.304611],[126.9924418,36.3048011],[126.9925098,36.3050436],[126.9926138,36.3050661],[126.9927891,36.3051914],[126.9931045,36.3056255],[126.9930874,36.3056415],[126.9930544,36.3056005],[126.9929718,36.3056929],[126.9929948,36.3057081],[126.9929563,36.3057441],[126.9929524,36.3058364],[126.992969,36.3058637],[126.9929671,36.305878],[126.9929505,36.3059081],[126.9929351,36.3059621],[126.9929164,36.3059719],[126.9928694,36.3059713],[126.992879,36.3060132],[126.9923795,36.3061953],[126.9921418,36.3063095],[126.9917779,36.3062675],[126.991413,36.3062986],[126.9911838,36.3063511],[126.9910756,36.3065022],[126.9902312,36.3067783],[126.9901224,36.3068415],[126.9885643,36.3081444],[126.9879299,36.3084511],[126.9879689,36.3093224],[126.9871023,36.3097874],[126.9869603,36.3098247],[126.9874273,36.3101737],[126.9875354,36.3102582],[126.987664,36.3103813],[126.988007,36.3107915],[126.9882713,36.3112044],[126.9885253,36.3115863],[126.9884834,36.3118092],[126.9883518,36.3125761],[126.9874793,36.3127381],[126.9874637,36.3127479],[126.987266,36.3128822],[126.9872838,36.3140663],[126.9875959,36.3144396],[126.9877339,36.31499],[126.9882489,36.3155122],[126.9884892,36.3158789],[126.988419,36.3163781],[126.9881447,36.3167549],[126.9884712,36.3175734],[126.9889854,36.3178768],[126.988493,36.3183757],[126.9886898,36.3192115],[126.9889025,36.3195093],[126.9891872,36.3199019],[126.9893785,36.3203721],[126.9896206,36.3206129],[126.9897373,36.3206798],[126.9900374,36.3208132],[126.9900833,36.3209522],[126.9901839,36.3210293],[126.9903839,36.3211845],[126.9904167,36.3212034],[126.990465,36.3212278],[126.9906463,36.3213298],[126.9911248,36.3215972],[126.9913943,36.3218407],[126.9913293,36.3219426],[126.9913786,36.3219582],[126.9916206,36.3219521],[126.9916497,36.3219588],[126.991657,36.3218854],[126.9916883,36.3217618],[126.991709,36.3216677],[126.9917279,36.3216142],[126.9917673,36.3215271],[126.9917751,36.3215125],[126.9917025,36.3213371],[126.9917717,36.321197],[126.991803,36.3211094],[126.9918596,36.3210738],[126.9918831,36.3209313],[126.9919074,36.3208738],[126.9919299,36.320743],[126.9920095,36.3206661],[126.9920834,36.3206174],[126.9921334,36.3205877],[126.9921388,36.3205744],[126.9921597,36.3205778],[126.9921541,36.3205925],[126.9921854,36.3206105],[126.9922133,36.32054],[126.9921639,36.3205332],[126.9921604,36.3204625],[126.9922066,36.3203923],[126.9922598,36.3204007],[126.99234,36.3203788],[126.9936977,36.3214892],[126.9939177,36.3222],[126.9940229,36.3226785],[126.9937438,36.3232355],[126.9943443,36.3241722],[126.9939269,36.324635],[126.9942586,36.3253811],[126.9948573,36.3257552],[126.9948469,36.3261928],[126.9949202,36.3266525],[126.9951701,36.3269775],[126.9951122,36.3276306],[126.9950021,36.3279612],[126.9949513,36.3285592],[126.9954257,36.328839],[126.9958612,36.3289201],[126.9963994,36.3298678],[126.9968545,36.3298614],[126.9974576,36.3302377],[126.9977337,36.3303754],[126.9985922,36.3308028],[126.9973426,36.3312363],[126.9952735,36.3312629],[126.9944708,36.3313992],[126.9929136,36.3315588],[126.9917441,36.3318189],[126.9913456,36.3319628],[126.9914261,36.3320666],[126.990337,36.333175],[126.9902285,36.3332699],[126.9901475,36.3336541],[126.9900702,36.3340309],[126.9898457,36.3349796],[126.9897106,36.3351165],[126.9901337,36.3357538],[126.9902368,36.3363949],[126.9907559,36.3371856],[126.9908292,36.3375798],[126.990886,36.3379269],[126.9909526,36.3381892],[126.9892209,36.3386229],[126.9888669,36.3388841],[126.9884424,36.3389319],[126.9880795,36.3389772],[126.9878836,36.3392197],[126.9873889,36.3392459],[126.9870378,36.3392639],[126.9866835,36.3398051],[126.986623,36.3398008],[126.9855583,36.3397405],[126.9854211,36.3397335],[126.9851633,36.339727],[126.9848934,36.3397177],[126.9847375,36.3397132],[126.9844472,36.3394956],[126.9841553,36.3392774],[126.983802,36.3390572],[126.9835244,36.3391065],[126.9830329,36.3389455],[126.9824492,36.3384733],[126.9824264,36.3384524],[126.9823503,36.338437],[126.9821568,36.3383373],[126.9821562,36.3383251],[126.9819297,36.3382303],[126.9814445,36.3383092],[126.9812182,36.3383087],[126.9808982,36.3383727],[126.9803657,36.3379788],[126.9794697,36.3377182],[126.9790684,36.3376478],[126.9786177,36.3375813],[126.9780056,36.3375299],[126.9778945,36.3373629],[126.9778217,36.3373253],[126.9776886,36.3372262],[126.9776902,36.3372329],[126.9777283,36.3376621],[126.9777577,36.3379698],[126.9777809,36.3382372],[126.9777919,36.3384292],[126.9778357,36.3390618],[126.9763277,36.3381074],[126.9754227,36.3376425],[126.9743581,36.3371816],[126.9737548,36.3367295],[126.9716829,36.3363222],[126.9711521,36.3363136],[126.9706278,36.3363031],[126.9695385,36.3362582],[126.9686488,36.3363053],[126.9640659,36.3356219],[126.9622081,36.3344449],[126.9611292,36.3316161],[126.9589438,36.3300966],[126.9573534,36.3293478],[126.9535868,36.3275744],[126.9461901,36.3245058],[126.9413791,36.3226682],[126.9395666,36.3217772],[126.9380787,36.3210458],[126.92762,36.3164021],[126.9275297,36.316529],[126.9271543,36.3171406],[126.9268306,36.3175957],[126.9266879,36.3177946],[126.9263706,36.3183279],[126.9261623,36.3185032],[126.9258686,36.3187398],[126.9253194,36.3190272],[126.9250225,36.3191436],[126.9248442,36.3194583],[126.9242342,36.3197652],[126.9240889,36.3198644],[126.9238123,36.3198664],[126.9231981,36.3199065],[126.9227644,36.3199279],[126.9225395,36.3199947],[126.9224252,36.3200445],[126.9222465,36.3201018],[126.9221073,36.3201565],[126.9218327,36.3202851],[126.921693,36.3203398],[126.921428,36.3204098],[126.9211416,36.3204779],[126.9209764,36.3205228],[126.920695,36.3206229],[126.9203931,36.3206871],[126.9205324,36.3207858],[126.9204209,36.320928],[126.9203818,36.3209693],[126.920184,36.3213152],[126.9198089,36.3218003],[126.9197917,36.3218227],[126.9197014,36.3219278],[126.9194404,36.3221927],[126.919221,36.3223019],[126.919013,36.3224058],[126.9188623,36.3224736],[126.9187064,36.3225429],[126.9185914,36.3225958],[126.9182259,36.3226947],[126.9180886,36.3227275],[126.9176841,36.3227664],[126.9173875,36.3227497],[126.9171687,36.3227393],[126.9168718,36.322723],[126.9164714,36.3226701],[126.9164904,36.3224525],[126.9162565,36.3224666],[126.9160022,36.3224844],[126.9158379,36.3225048],[126.9156939,36.3225128],[126.9156939,36.322513],[126.9156971,36.322554],[126.9157019,36.3226264],[126.9157041,36.3226799],[126.9156327,36.3227209],[126.9155115,36.3227909],[126.9154917,36.322819],[126.915395,36.3229555],[126.915313,36.323072],[126.9152703,36.3231295],[126.9152599,36.3231493],[126.9151463,36.3233386],[126.9150378,36.3235208],[126.9149367,36.3236903],[126.9148983,36.3237529],[126.9148166,36.3238766],[126.9145733,36.3242487],[126.9145396,36.3243003],[126.914516,36.3243361],[126.9144714,36.324401],[126.9144052,36.3245551],[126.9143492,36.3246836],[126.9142558,36.3249022],[126.9142125,36.3250031],[126.9141539,36.3253095],[126.9141187,36.325528],[126.9141335,36.3258028],[126.914201,36.3260334],[126.9142313,36.3261389],[126.9143059,36.3262706],[126.9143924,36.3263758],[126.9144947,36.3264822],[126.9147136,36.326715],[126.9147374,36.3267403],[126.9150236,36.3271906],[126.9151304,36.3274013],[126.9151224,36.327595],[126.9151155,36.3277572],[126.9149065,36.3281345],[126.9147141,36.3284258],[126.9145908,36.3285306],[126.914235,36.3288301],[126.9138895,36.3291322],[126.9138872,36.3291322],[126.9131659,36.3294954],[126.9125111,36.3297449],[126.9122872,36.3298109],[126.9120895,36.3298489],[126.9119246,36.3298815],[126.9116914,36.329898],[126.911445,36.3298746],[126.9112167,36.3297962],[126.9108696,36.3295554],[126.9105402,36.3293616],[126.9101548,36.3291293],[126.9099721,36.3290383],[126.9096907,36.3289043],[126.9096064,36.3288673],[126.909477,36.3288139],[126.9091678,36.3286899],[126.908997,36.3286389],[126.9086976,36.3285536],[126.9081739,36.3284045],[126.9080846,36.3283824],[126.9078593,36.3283292],[126.9075576,36.3282893],[126.9073006,36.3282561],[126.9072403,36.3282502],[126.9071846,36.3282413],[126.906945,36.3282032],[126.906945,36.3282016],[126.9067051,36.3281536],[126.9063906,36.3280906],[126.9059843,36.3280159],[126.9054965,36.3279295],[126.9050189,36.3278524],[126.9045766,36.3278717],[126.9040787,36.3278906],[126.903565,36.327887],[126.9030832,36.3278822],[126.9025802,36.3278701],[126.9021847,36.3278673],[126.901717,36.3278642],[126.9015152,36.3278609],[126.9013775,36.3278699],[126.9012414,36.3279048],[126.9010845,36.3279454],[126.9009362,36.3279831],[126.9007923,36.3280204],[126.9006693,36.328053],[126.9005543,36.3281367],[126.9004513,36.3282115],[126.900353,36.3282829],[126.9002818,36.3283642],[126.9001477,36.3285186],[126.9000252,36.328661],[126.8999765,36.3289802],[126.8999548,36.329121],[126.9000132,36.3292396],[126.9000958,36.3294011],[126.9001786,36.3295583],[126.9002363,36.3296061],[126.9003746,36.3297139],[126.900511,36.3298196],[126.9006702,36.3299406],[126.9007479,36.329997],[126.9008939,36.3301608],[126.9010243,36.3303093],[126.9011486,36.3304491],[126.9012008,36.3305065],[126.9012514,36.3305684],[126.9013738,36.330697],[126.9015588,36.3310602],[126.9016808,36.3312992],[126.9017671,36.3314668],[126.9018759,36.331677],[126.9019175,36.3318156],[126.9019243,36.3318295],[126.9019249,36.331838],[126.9019381,36.3321371],[126.9019546,36.3324211],[126.9019706,36.332727],[126.901954,36.332778],[126.9018241,36.333237],[126.9016282,36.333499],[126.9013697,36.3338426],[126.9012268,36.3338734],[126.9010616,36.3339152],[126.900906,36.3339541],[126.9008451,36.3339465],[126.9007045,36.333931],[126.9005645,36.3339134],[126.9004739,36.3339008],[126.9003673,36.3338134],[126.9002144,36.3336853],[126.9000683,36.3335629],[126.8999781,36.3334511],[126.8998234,36.3332539],[126.8996957,36.3331529],[126.8995426,36.3330333],[126.8993795,36.3329053],[126.8990563,36.3326448],[126.8989335,36.3325413],[126.8987881,36.3324186],[126.8986518,36.3323055],[126.8984946,36.332173],[126.89834,36.3320401],[126.8981802,36.3319035],[126.8980811,36.3318222],[126.8979431,36.3317078],[126.8977893,36.3315796],[126.8976203,36.3314215],[126.8974844,36.3312931],[126.8973626,36.3311779],[126.8972386,36.331058],[126.8971306,36.3309522],[126.897019,36.3308423],[126.8968875,36.3307156],[126.8968151,36.3306474],[126.8966577,36.3304963],[126.8966165,36.3304491],[126.8965156,36.3303349],[126.8964368,36.3302431],[126.8963762,36.3301754],[126.8963356,36.3301273],[126.8962271,36.3300085],[126.8961329,36.3299065],[126.8959709,36.3297261],[126.8958593,36.3296017],[126.8958073,36.3295465],[126.8955413,36.3291171],[126.8954402,36.3289383],[126.8953415,36.328765],[126.8950935,36.3282113],[126.8948964,36.3277646],[126.894735,36.3274017],[126.8947338,36.3273934],[126.8947277,36.3273832],[126.8946214,36.3267669],[126.8948455,36.3267263],[126.8949119,36.3267269],[126.8948928,36.3263085],[126.8948264,36.3260547],[126.8947766,36.3259032],[126.894334,36.3255102],[126.8940726,36.325278],[126.8939826,36.3250017],[126.893922,36.3248185],[126.8935793,36.3246002],[126.8934058,36.3245239],[126.8932111,36.3244241],[126.8934336,36.3246608],[126.8935547,36.3247942],[126.8936389,36.3248866],[126.8935004,36.3248618],[126.8934892,36.3248476],[126.893442,36.3248381],[126.893259,36.3248013],[126.8932261,36.3247991],[126.8931334,36.324793],[126.8931064,36.3247913],[126.8930828,36.3247943],[126.8925813,36.3248586],[126.8921397,36.3250444],[126.8919504,36.3251241],[126.8918965,36.3251467],[126.8918623,36.3251611],[126.8915229,36.325304],[126.8913411,36.3253823],[126.8912505,36.3254213],[126.891128,36.325474],[126.8910475,36.3255087],[126.8910302,36.3255148],[126.8907276,36.3256228],[126.8906582,36.3256476],[126.8902446,36.3257952],[126.8901201,36.3258457],[126.8895252,36.3260868],[126.8894779,36.326106],[126.8894466,36.3261276],[126.8893588,36.326188],[126.8890772,36.326382],[126.8887316,36.3266201],[126.888659,36.3266701],[126.8886082,36.3267051],[126.8885918,36.326708],[126.8884002,36.3268309],[126.8881632,36.3269825],[126.8879272,36.3271309],[126.8876812,36.3272875],[126.8875233,36.3273878],[126.8870905,36.3276276],[126.8869673,36.327696],[126.8868012,36.3277215],[126.886358,36.327794],[126.886023,36.32781],[126.885631,36.3278274],[126.8854354,36.3278363],[126.8851696,36.3278007],[126.885047,36.3277843],[126.8848428,36.3277128],[126.8846741,36.3276536],[126.8845818,36.3276446],[126.8843588,36.3276119],[126.8839323,36.3275508],[126.8836366,36.3275017],[126.8831508,36.3274214],[126.882398,36.3273045],[126.882159,36.3272685],[126.8817315,36.327211],[126.8815088,36.3271791],[126.8809159,36.3271489],[126.8808043,36.3271301],[126.880439,36.3270689],[126.8801088,36.3270122],[126.8797948,36.3269884],[126.8797075,36.3269805],[126.8792567,36.3268921],[126.8791074,36.3268619],[126.8784777,36.3268387],[126.8781238,36.3266823],[126.8780644,36.3266607],[126.8778051,36.3265678],[126.87762,36.3264994],[126.8773202,36.3263896],[126.8769792,36.3262774],[126.8766467,36.3261687],[126.8763643,36.3260599],[126.8758947,36.3258799],[126.8755314,36.3257424],[126.875104,36.3255823],[126.8747538,36.3255439],[126.8741994,36.3256253],[126.8738989,36.3257313],[126.8735577,36.3258588],[126.8734136,36.3259293],[126.8732095,36.326101],[126.8731243,36.3261367],[126.8724535,36.3263041],[126.872034,36.3264838],[126.8717878,36.3265412],[126.8715491,36.3265401],[126.8714026,36.3265107],[126.8713498,36.3264928],[126.8711944,36.32644],[126.8710172,36.3263475],[126.8709132,36.3262791],[126.8707867,36.3261264],[126.8706773,36.3260003],[126.8705619,36.3258888],[126.8704766,36.3258057],[126.8702701,36.3256874],[126.8700887,36.3255836],[126.8698395,36.325487],[126.8695666,36.3253956],[126.8693961,36.3253751],[126.8692644,36.3253696],[126.8689388,36.3253573],[126.8687698,36.3253733],[126.8686228,36.3254199],[126.8685259,36.3254855],[126.868446,36.3255423],[126.8683664,36.3256132],[126.8682183,36.3258067],[126.8681561,36.3258833],[126.8679733,36.325948],[126.8675906,36.3259669],[126.8673162,36.3259791],[126.8669303,36.3258634],[126.8665093,36.3257313],[126.8658883,36.3254825],[126.8650759,36.3251015],[126.8644989,36.3248737],[126.8642224,36.3247461],[126.8638883,36.3245911],[126.8636835,36.324323],[126.8634809,36.3240719],[126.8637483,36.3238119],[126.8634828,36.3238604],[126.8629576,36.3236543],[126.8629419,36.3238215],[126.8627949,36.3238843],[126.8626497,36.3239931],[126.8623545,36.3242337],[126.862179,36.3243864],[126.8621488,36.3244296],[126.8621307,36.3244692],[126.8621634,36.3254782],[126.8623689,36.3257734],[126.8625668,36.3260971],[126.86257,36.3261769],[126.8624544,36.3265454],[126.8624154,36.3266686],[126.8621198,36.3270687],[126.8619048,36.3273484],[126.8617733,36.327474],[126.8612047,36.3277782],[126.8604153,36.3281914],[126.8598225,36.3284916],[126.8597008,36.3285514],[126.8594894,36.3287189],[126.8593933,36.3288324],[126.8592442,36.329079],[126.8591302,36.3293094],[126.8590046,36.3295607],[126.8589728,36.329634],[126.8588683,36.3299109],[126.8587841,36.3301298],[126.8587444,36.3303389],[126.8586894,36.3306326],[126.8586708,36.3307236],[126.8585952,36.33093],[126.8585223,36.3311334],[126.8584246,36.3314033],[126.8583611,36.3315749],[126.8584393,36.331899],[126.8584784,36.3320666],[126.8585011,36.3321682],[126.8584137,36.3323165],[126.8582896,36.3325258],[126.8581652,36.3327324],[126.8578655,36.3327446],[126.8576053,36.3327552],[126.8575727,36.3327548],[126.8574951,36.3326807],[126.8568522,36.3327742],[126.856201,36.3328781],[126.8560242,36.3329901],[126.8561403,36.3330251],[126.8564209,36.3331624],[126.8567024,36.333347],[126.8566307,36.3333791],[126.8565134,36.3334346],[126.8564032,36.3334867],[126.8563903,36.333506],[126.8563436,36.3335927],[126.856315,36.333698],[126.8563087,36.3337836],[126.8563091,36.3338125],[126.8563162,36.3338886],[126.8563235,36.3339209],[126.8563506,36.3339899],[126.8563676,36.3340207],[126.8564763,36.33419],[126.8565435,36.3342537],[126.8566215,36.3343338],[126.856776,36.3344825],[126.8567934,36.3345013],[126.8568218,36.3345306],[126.8571332,36.3349215],[126.8574875,36.3353511],[126.8577539,36.335559],[126.8578512,36.3356271],[126.8579567,36.3357008],[126.8580351,36.335794],[126.858105,36.3358815],[126.8581945,36.3360429],[126.8585206,36.3363812],[126.8587609,36.3366032],[126.8590022,36.3368301],[126.8592359,36.3370536],[126.8594766,36.3372898],[126.8597108,36.3375102],[126.8597985,36.3375937],[126.8599186,36.3377142],[126.8601123,36.3379117],[126.8602811,36.3380961],[126.8603147,36.3381341],[126.8603908,36.338214],[126.8604575,36.3383935],[126.860548,36.3386425],[126.8606371,36.3388892],[126.8606661,36.3389689],[126.860695,36.3390523],[126.8607841,36.3393092],[126.8608406,36.339474],[126.8608912,36.3396313],[126.8610567,36.3401257],[126.8611191,36.3403262],[126.8611661,36.340476],[126.8611668,36.3407148],[126.8611684,36.3407556],[126.8611673,36.3409379],[126.861169,36.3411007],[126.8611687,36.3412402],[126.861167,36.3413836],[126.8611682,36.3415001],[126.8611382,36.341819],[126.8611192,36.3420059],[126.8610949,36.3422505],[126.8610901,36.3423301],[126.8610807,36.3424757],[126.8610717,36.3426129],[126.8610656,36.3427255]]]},"properties":{"sigunguCode":"44760","sigunguName":"부여군","updatedAt":"2026-06-06T00:00:00.000Z","objectCode":"44760"}}
]}